District,Suburb,2014 Q1  1 Homicide,2014 Q1  2a Assault - FV,2014 Q1 2b Assault - Non-FV,2014 Q1 3 Sexual Assault,2014 Q1 4 Other offences against a person,2014 Q1 5a Robbery - armed,2014 Q1 5b Robbery - other,2014 Q1 6a Burglary dwellings,2014 Q1 6b Burglary shops,2014 Q1 6c Burglary other,2014 Q1 7 Motor vehicle theft theft,2014 Q1 8 Property damage,2014 Q1 9 Other offences,2014 Q1 91a TINs Speeding,2014 Q1 91b TINs Mobile Use,2014 Q1 91c TINs Seatbelts,2014 Q1 91d TINs Other,2014 Q1 92 Theft (excluding Motor Vehicles),2014 Q2 1 Homicide,2014 Q2 2a Assault - FV,2014 Q2 2b Assault - Non-FV,2014 Q2 3 Sexual Assault,2014 Q2 4 Other offences against a person,2014 Q2 5a Robbery - armed,2014 Q2 5b Robbery - other,2014 Q2 6a Burglary dwellings,2014 Q2 6b Burglary shops,2014 Q2 6c Burglary other,2014 Q2 7 Motor vehicle theft theft,2014 Q2 8 Property damage,2014 Q2 9 Other offences,2014 Q2 91a TINs Speeding,2014 Q2 91b TINs Mobile Use,2014 Q2 91c TINs Seatbelts,2014 Q2 91d TINs Other,2014 Q2 92 Theft (excluding Motor Vehicles),2014 Q3  1 Homicide,2014 Q3 2a Assault - FV,2014 Q3 2b Assault - Non-FV,2014 Q3 3 Sexual Assault,2014 Q3 4 Other offences against a person,2014 Q3 5a Robbery - armed,2014 Q3 5b Robbery - other,2014 Q3 6a Burglary dwellings,2014 Q3 6b Burglary shops,2014 Q3 6c Burglary other,2014 Q3 7 Motor vehicle theft theft,2014 Q3 8 Property damage,2014 Q3 9 Other offences,2014 Q3 91a TINs Speeding,2014 Q3 91b TINs Mobile Use,2014 Q3 91c TINs Seatbelts,2014 Q3 91d TINs Other,2014 Q3 92 Theft (excluding Motor Vehicles),2014 Q4 1 Homicide,2014 Q4 2a Assault - FV,2014 Q4 2b Assault - Non-FV,2014 Q4 3 Sexual Assault,2014 Q4 4 Other offences against a person,2014 Q4 5a Robbery - armed,2014 Q4 5b Robbery - other,2014 Q4 6a Burglary dwellings,2014 Q4 6b Burglary shops,2014 Q4 6c Burglary other,2014 Q4 7 Motor vehicle theft theft,2014 Q4 8 Property damage,2014 Q4 9 Other offences,2014 Q4 91a TINs Speeding,2014 Q4 91b TINs Mobile Use,2014 Q4 91c TINs Seatbelts,2014 Q4 91d TINs Other,2014 Q4 92 Theft (excluding Motor Vehicles),2015 Q1 1 Homicide,2015 Q1 2a Assault - FV,2015 Q1 2b Assault - Non-FV,2015 Q1 3 Sexual Assault,2015 Q1 4 Other offences against a person,2015 Q1 5a Robbery - armed,2015 Q1 5b Robbery - Other,2015 Q1 6a Burglary dwellings,2015 Q1 6b Burglary shops,2015 Q1 6c Burglary other,2015 Q1 7 Motor vehicle theft,2015 Q1 8 Property damage,2015 Q1 9 Other offences,2015 Q1 91a TINs Speeding,2015 Q1 91b TINs Mobile Use,2015 Q1 91c TINs Seatbelts,2015 Q1 91d TINs Other,2015 Q1 92 Theft (excluding Motor Vehicles),2015 Q2 1 Homicide,2015 Q2 2a Assault - FV,2015 Q2 2b Assault - Non-FV,2015 Q2 3 Sexual Assault,2015 Q2 4 Other offences against a person,2015 Q2 5a Robbery - armed,2015 Q2 5b Robbery -,2015 Q2 6a Burglary dwellings,2015 Q2 6b Burglary shops,2015 Q2 6c Burglary other,2015 Q2 7 Motor vehicle theft,2015 Q2 8 Property damage,2015 Q2 9 Other offences,2015 Q2 91a TINs Speeding,2015 Q2 91b TINs Mobile Use,2015 Q2 91c TINs Seatbelts,2015 Q2 91d TINs Other,2015 Q2 92 Theft (excluding Motor Vehicles),2015 Q3  1 Homicide,2015 Q3  2a Assault - FV,2015 Q3  2b Assault - Non-FV,2015 Q3  3 Sexual Assault,2015 Q3  4 Other offences against a person,2015 Q3  5a Robbery - armed,2015 Q3  5b Robbery -,2015 Q3  6a Burglary dwellings,2015 Q3 6b Burglary shops,2015 Q3 6c Burglary other,2015 Q3 7 Motor vehicle theft,2015 Q3  8 Property damage,2015 Q3 9 Other offences,2015 Q3 91a TINs Speeding,2015 Q3 91b TINs Mobile Use,2015 Q3 91c TINs Seatbelts,2015 Q3 91d TINs Other,2015 Q3 92 Theft (excluding Motor Vehicles),2015 Q4 1 Homicide,2015 Q4 2a Assault - FV,2015 Q4 2b Assault - Non-FV,2015 Q4 3 Sexual Assault,2015 Q4 4 Other offences against a person,2015 Q4 5a Robbery - armed,2015 Q4 5b Robbery -,2015 Q4 6a Burglary dwellings,2015 Q4 6b Burglary shops,2015 Q4 6c Burglary other,2015 Q4 7 Motor vehicle theft,2015 Q4 8 Property damage,2015 Q4 9 Other offences,2015 Q4 91a TINs Speeding,2015 Q4 91b TINs Mobile Use,2015 Q4 91c TINs Seatbelts,2015 Q4 91d TINs Other,2015 Q4 92 Theft (excluding Motor Vehicles),2016 Q1 1 Homicide,2016 Q1 2a Assault - FV,2016 Q1 2b Assault - Non-FV,2016 Q1 3 Sexual Assault,2016 Q1 4 Other offences against a person,2016 Q1 5a Robbery - armed,2016 Q1 5b Robbery -,2016 Q1 6a Burglary dwellings,2016 Q1 6b Burglary shops,2016 Q1 6c Burglary other,2016 Q1 7 Motor vehicle theft,2016 Q1 8 Property damage,2016 Q1 9 Other offences,2016 Q1 91a TINs Speeding,2016 Q1 91b TINs Mobile Use,2016 Q1 91c TINs Seatbelts,2016 Q1 91d TINs Other,2016 Q1 92 Theft (excluding Motor Vehicles),1 Homicide,2a Assault - FV,2b Assault - Non-FV,3 Sexual Assault,4 Other offences against a person,5a Robbery - armed,5b Robbery -,6a Burglary dwellings,6b Burglary shops,6c Burglary other,7 Motor vehicle theft,8 Property damage,9 Other offences,91a TINs Speeding,91b TINs Mobile Use,91c TINs Seatbelts,91d TINs Other,92 Theft (excluding Motor Vehicles),2016 Q3 1 Homicide,2016 Q3 2a Assault - FV,2016 Q3 2b Assault - Non-FV,2016 Q3 3 Sexual Assault,2016 Q3 4 Other offences against a person,2016 Q3 5a Robbery - armed,2016 Q3 5b Robbery -,2016 Q3 6a Burglary dwellings,2016 Q3 6b Burglary shops,2016 Q3 6c Burglary other,2016 Q3 7 Motor vehicle theft,2016 Q3 8 Property damage,2016 Q3 9 Other offences,2016 Q3 91a TINs Speeding,2016 Q3 91b TINs Mobile Use,2016 Q3 91c TINs Seatbelts,2016 Q3 91d TINs Other,2016 Q3 92 Theft (excluding Motor Vehicles),2016 Q4 1 Homicide,2016 Q4 2a Assault - FV,2016 Q4 2b Assault - Non-FV,2016 Q4 3 Sexual Assault,2016 Q4 4 Other offences against a person,2016 Q4 5a Robbery - armed,2016 Q4 5b Robbery -,2016 Q4 6a Burglary dwellings,2016 Q4 6b Burglary shops,2016 Q4 6c Burglary other,2016 Q4 7 Motor vehicle theft,2016 Q4 8 Property damage,2016 Q4 9 Other offences,2016 Q4 91a TINs Speeding,2016 Q4 91b TINs Mobile Use,2016 Q4 91c TINs Seatbelts,2016 Q4 91d TINs Other,2016 Q4 92 Theft (excluding Motor Vehicles),2017 Q1 1 Homicide,2017 Q1 2a Assault - FV,2017 Q1 2b Assault - Non-FV,2017 Q1 3 Sexual Assault,2017 Q1 4 Other offences against a person,2017 Q1 5a Robbery - armed,2017 Q1 5b Robbery -,2017 Q1 6a Burglary dwellings,2017 Q1 6b Burglary shops,2017 Q1 6c Burglary other,2017 Q1 7 Motor vehicle theft,2017 Q1 8 Property damage,2017 Q1 9 Other offences,2017 Q1 91a TINs Speeding,2017 Q1 91b TINs Mobile Use,2017 Q1 91c TINs Seatbelts,2017 Q1 91d TINs Other,2017 Q1 92 Theft (excluding Motor Vehicles),2017 Q2  1 Homicide,2017 Q2  2a Assault - FV,2017 Q2  2b Assault - Non-FV,2017 Q2  3 Sexual Assault,2017 Q2  4 Other offences against a person,2017 Q2  5a Robbery - armed,2017 Q2  5b Robbery -,2017 Q2  6a Burglary dwellings,2017 Q2  6b Burglary shops,2017 Q2 6c Burglary other,2017 Q2 7 Motor vehicle theft,2017 Q2 8 Property damage,2017 Q2 9 Other offences,2017 Q2 91a TINs Speeding,2017 Q2 91b TINs Mobile Use,2017 Q2  91c TINs Seatbelts,2017 Q2 91d TINs Other,2017 Q2 92 Theft (excluding Motor Vehicles),2017 Q3 1 Homicide,2017 Q3 2a Assault - FV,2017 Q3 2b Assault - Non-FV,2017 Q3 3 Sexual Assault,2017 Q3 4 Other offences against a person,2017 Q3 5a Robbery - armed,2017 Q3 5b Robbery -,2017 Q3 6a Burglary dwellings,2017 Q3 6b Burglary shops,2017 Q3 6c Burglary other,2017 Q3 7 Motor vehicle theft,2017 Q3 8 Property damage,2017 Q3 9 Other offences,2017 Q3 91a TINs Speeding,2017 Q3 91b TINs Mobile Use,2017 Q3 91c TINs Seatbelts,2017 Q3 91d TINs Other,2017 Q3 92 Theft (excluding Motor Vehicles),2017 Q4 1 Homicide,2017 Q4 2a Assault - FV,2017 Q4 2b Assault - Non-FV,2017 Q4 3 Sexual Assault,2017 Q4 4 Other offences against a person,2017 Q4 5a Robbery - armed,2017 Q4 5b Robbery -,2017 Q4 6a Burglary dwellings,2017 Q4 6b Burglary shops,2017 Q4 6c Burglary other,2017 Q4 7 Motor vehicle theft,2017 Q4 8 Property damage,2017 Q4 9 Other offences,2017 Q4 91a TINs Speeding,2017 Q4 91b TINs Mobile Use,2017 Q4 91c TINs Seatbelts,2017 Q4 91d TINs Other,2017 Q4 92 Theft (excluding Motor Vehicles),1 Homicide,2a Assault - FV,2b Assault - Non-FV,3 Sexual Assault,4 Other offences against a person,5a Robbery - armed,5b Robbery -,6a Burglary dwellings,6b Burglary shops,6c Burglary other,7 Motor vehicle theft,8 Property damage,9 Other offences,91a TINs Speeding,91b TINs Mobile Use,91c TINs Seatbelts,91d TINs Other,92 Theft (excluding Motor Vehicles),1 Homicide,2a Assault - FV,2b Assault - Non-FV,3 Sexual Assault,4 Other offences against a person,5a Robbery - armed,5b Robbery -,6a Burglary dwellings,6b Burglary shops,6c Burglary other,7 Motor vehicle theft,8 Property damage,9 Other offences,91a TINs Speeding,91b TINs Mobile Use,91c TINs Seatbelts,91d TINs Other,92 Theft (excluding Motor Vehicles)
Belconnen,ARANDA,0,0,0,0,0,0,0,1,0,0,1,0,18,66,8,1,41,4,0,0,1,0,0,0,0,0,0,0,0,5,22,65,11,0,45,2,0,0,3,0,0,0,0,0,0,0,0,4,12,88,9,1,46,6,0,1,1,1,0,0,0,4,0,1,2,3,39,69,7,1,49,7,0,1,1,0,0,0,0,2,0,0,5,2,15,53,6,0,35,8,0,0,0,0,0,0,0,0,0,1,1,8,24,30,5,0,24,5,0,0,1,0,0,0,0,1,0,0,2,7,15,44,7,0,43,6,0,6,2,0,0,0,0,11,0,0,1,7,13,57,6,0,34,19,0,0,2,0,0,0,0,0,0,2,1,3,19,33,6,0,49,2,0,0,1,0,0,1,0,1,0,0,3,2,17,26,5,1,34,10,0,5,0,0,0,0,0,2,0,0,1,1,25,54,8,1,58,3,0,1,3,0,0,0,0,2,0,1,0,9,20,45,6,0,52,5,0,0,0,0,1,0,0,3,1,1,1,10,19,28,8,2,44,9,0,1,0,0,0,0,0,0,0,0,0,9,32,44,10,0,55,6,0,1,1,0,0,0,0,1,0,2,1,0,20,57,2,2,58,6,0,3,2,0,1,0,1,9,0,1,2,7,37,122,11,1,66,14,0,1,0,0,0,0,0,2,0,0,0,1,21,20,1,0,3,3,0,3,0,1,1,0,0,0,0,0,0,5,25,0,0,0,0,7
Belconnen,BELCONNEN,0,2,24,8,3,0,1,13,1,8,16,39,204,16,26,5,136,154,0,10,20,13,1,2,0,9,5,3,6,37,163,4,29,8,126,149,0,8,18,11,2,2,1,9,5,1,10,47,165,9,35,6,138,120,0,11,11,5,0,0,4,27,2,7,14,44,199,4,19,4,159,167,0,7,23,0,2,2,2,16,4,3,17,89,203,1,13,7,80,217,0,3,12,14,0,2,0,9,4,12,11,82,175,7,6,4,99,220,0,5,15,3,2,1,1,10,1,8,8,35,137,11,24,4,138,178,0,4,16,7,3,1,3,14,17,5,8,89,178,3,19,5,119,250,0,13,16,3,24,1,2,10,7,5,4,51,193,5,23,0,96,149,0,12,21,3,0,1,1,8,3,10,15,52,153,2,37,11,131,176,0,12,13,22,8,3,0,10,8,5,8,46,153,11,44,6,165,168,0,15,21,3,5,4,4,10,3,3,14,116,192,11,27,4,131,150,0,17,32,8,3,3,8,17,4,10,14,94,174,7,39,12,116,183,0,5,29,9,0,1,1,17,1,9,20,78,226,30,33,2,205,150,0,15,30,4,5,1,1,6,2,3,18,53,149,6,29,3,144,122,0,14,31,17,2,1,4,16,1,3,15,57,196,4,24,6,94,156,0,17,23,19,5,3,2,7,2,4,12,42,192,4,10,1,45,104,0,13,21,6,3,3,1,25,3,6,12,68,226,0,0,0,0,167
Belconnen,BRUCE,0,1,1,1,1,0,0,3,0,2,4,14,41,25,11,1,63,35,0,1,3,0,0,0,0,9,0,4,2,20,24,24,8,2,179,38,0,0,4,5,1,0,0,6,0,1,3,8,31,20,14,3,143,20,0,2,2,0,0,0,1,27,0,4,5,15,24,12,11,0,118,54,0,3,10,3,0,0,1,9,2,2,6,13,45,19,10,0,121,39,2,1,3,3,0,0,0,10,5,9,6,36,41,10,13,1,51,53,0,1,4,0,0,0,0,7,0,5,8,11,40,34,10,1,194,30,0,2,5,1,0,0,0,6,1,0,9,32,41,17,3,1,64,56,0,4,5,2,0,0,0,2,4,10,0,7,27,20,7,1,103,28,0,3,4,1,2,1,0,4,0,2,9,39,36,8,14,1,89,46,0,1,4,0,0,0,0,6,0,2,3,13,37,25,17,1,128,18,0,0,5,2,4,0,1,1,1,0,3,10,34,22,12,4,123,17,0,4,0,3,0,0,0,7,2,4,5,28,32,15,15,1,66,44,0,3,3,1,0,0,0,5,1,5,6,33,56,24,14,5,132,44,0,0,0,5,0,0,0,3,0,2,18,43,31,25,14,2,125,35,0,1,11,2,1,0,2,7,0,2,9,24,51,21,3,0,80,47,0,4,3,4,0,0,0,5,0,5,4,18,55,4,1,0,19,39,0,0,5,3,1,0,1,3,0,1,2,29,29,0,0,0,0,36
Belconnen,CHARNWOOD,0,2,2,1,0,1,0,1,0,3,1,22,20,3,0,1,19,19,0,0,1,2,0,0,0,2,0,1,2,9,21,3,0,1,15,12,0,3,5,0,0,0,0,0,0,0,1,6,19,0,0,1,28,10,0,2,1,0,0,0,1,3,1,0,0,12,13,0,1,2,24,13,0,2,7,0,0,0,1,2,1,0,0,19,18,3,0,0,17,15,0,5,0,0,0,0,0,3,0,0,0,10,25,0,0,0,9,17,0,3,1,0,0,0,1,5,2,0,2,10,18,4,1,2,22,27,0,1,5,1,2,0,0,4,0,0,1,7,36,2,0,1,13,24,0,6,2,0,0,0,0,0,0,1,0,12,15,1,0,0,10,13,0,5,3,0,1,0,0,3,2,0,1,13,37,1,0,4,16,21,0,2,4,1,0,0,0,0,1,0,6,13,31,1,5,3,23,16,0,6,4,0,1,1,1,0,0,1,1,6,59,3,0,0,26,8,0,9,4,1,0,0,0,0,2,1,1,12,29,5,2,0,19,12,0,2,1,0,2,0,0,5,1,1,0,16,32,0,0,0,14,17,0,4,4,1,0,0,0,7,3,0,2,14,33,1,0,0,9,18,0,1,3,0,0,0,0,2,0,0,3,10,24,0,0,1,9,17,0,1,2,0,1,1,1,1,0,1,1,15,30,0,0,0,2,13,0,2,2,1,1,0,0,2,0,0,2,9,48,0,0,0,0,11
Belconnen,COOK,0,0,1,0,0,0,0,1,0,0,0,0,10,5,1,0,17,6,0,0,0,0,0,0,1,3,0,0,1,2,12,19,0,0,15,7,0,0,1,0,0,1,0,6,0,0,2,5,9,92,1,0,30,11,0,1,0,4,0,1,0,4,1,0,0,3,8,35,3,0,23,7,0,0,0,0,0,0,0,0,2,0,3,4,8,28,1,1,11,2,0,0,0,2,0,0,0,3,1,0,1,2,56,3,1,0,3,11,0,1,1,0,0,0,0,0,0,0,1,3,12,6,1,0,11,2,0,0,1,0,0,0,0,2,0,0,1,6,7,15,2,1,11,9,0,0,0,0,0,0,0,2,0,0,2,4,5,11,2,0,12,4,0,3,0,1,0,0,0,2,0,0,1,0,6,21,1,0,7,4,0,0,4,1,0,0,1,7,1,0,3,11,15,54,0,0,29,9,0,0,0,0,0,0,0,1,0,0,1,2,10,23,1,0,28,11,0,0,1,1,0,0,0,6,1,0,0,2,20,18,2,0,17,13,0,0,0,0,0,0,0,3,0,1,2,6,11,21,1,0,15,7,0,1,0,0,0,0,0,0,0,0,3,5,32,54,3,0,27,2,0,0,0,1,0,0,0,4,0,0,1,4,9,51,4,1,24,7,0,0,0,0,0,0,0,2,0,0,1,2,21,4,0,0,3,5,0,1,1,0,1,0,0,2,0,1,0,4,16,0,0,0,0,8
Belconnen,DUNLOP,0,1,4,2,0,0,0,1,1,0,2,11,16,1,2,0,19,18,0,2,3,3,1,0,0,6,0,0,2,12,10,4,0,0,7,13,0,3,2,3,0,0,0,9,0,0,0,4,11,2,2,1,11,16,1,2,4,2,0,0,0,11,0,0,2,12,7,2,0,0,6,25,0,8,5,2,1,0,0,0,1,0,2,8,18,2,0,0,4,18,0,4,2,1,0,0,0,3,0,0,2,13,10,0,0,0,1,12,0,3,2,3,1,0,0,3,0,0,1,7,11,2,0,0,6,6,0,4,4,0,0,0,0,5,0,0,1,11,11,0,0,0,7,14,0,2,0,1,0,0,0,4,0,0,2,19,21,0,0,1,8,31,0,7,3,2,0,0,0,3,0,0,7,10,63,0,0,0,12,23,0,7,1,0,0,0,0,2,0,0,5,13,26,9,1,1,14,9,0,8,3,1,0,0,0,1,0,0,0,11,21,4,0,1,9,7,0,4,9,0,1,0,0,4,1,0,5,11,21,2,0,0,5,15,0,3,4,0,1,1,1,1,1,0,1,8,9,2,0,1,6,11,0,10,3,2,0,1,0,1,1,0,2,13,20,0,0,0,4,5,0,3,1,0,0,0,0,1,0,0,1,12,14,1,0,0,2,10,0,5,1,1,0,0,0,2,0,0,0,10,12,0,0,0,0,9,0,7,2,0,1,0,0,0,0,0,4,15,23,0,0,0,0,14
Belconnen,EVATT,0,4,1,2,0,0,0,13,2,0,5,7,17,8,1,1,24,19,0,3,3,1,0,0,0,7,0,0,2,7,25,5,0,3,15,20,0,0,0,0,0,0,0,16,0,0,0,3,14,1,1,0,6,19,0,3,0,0,1,0,0,14,0,1,0,7,14,3,0,0,9,13,0,5,2,0,0,0,0,10,0,1,0,3,19,2,1,0,10,27,0,2,1,1,0,0,0,9,0,1,1,7,9,0,0,0,5,20,1,6,0,0,0,0,0,8,1,0,1,9,8,2,0,0,11,15,1,3,3,4,0,0,0,9,0,0,1,11,15,1,0,0,12,20,0,9,1,1,2,0,0,2,0,0,0,7,10,3,0,0,6,8,0,1,1,0,1,0,0,8,0,0,3,11,25,4,0,2,14,11,0,0,2,0,0,0,0,7,1,0,3,7,20,4,1,0,1,11,0,5,3,0,4,1,0,8,0,0,1,6,16,6,0,0,11,19,0,2,1,5,4,0,0,14,0,2,2,10,29,7,1,0,14,24,0,2,1,1,1,0,0,13,0,0,0,11,28,5,1,1,15,20,0,5,2,2,0,1,0,4,2,1,7,12,12,4,0,0,8,13,0,3,0,0,1,0,0,5,0,0,3,10,10,12,0,0,7,11,0,3,2,2,0,0,0,6,0,0,1,10,8,1,0,0,0,9,0,3,0,0,1,0,0,9,0,0,0,18,10,0,0,0,0,9
Belconnen,FLOREY,0,4,1,0,1,1,1,8,1,0,5,20,28,3,0,0,21,27,0,2,3,1,0,0,0,2,4,1,3,15,33,3,8,2,24,44,0,4,2,0,0,0,0,6,0,0,6,7,44,5,4,0,39,26,0,0,3,1,0,0,0,1,1,0,2,9,35,6,2,1,31,25,0,1,6,0,1,1,0,8,0,0,9,14,33,0,2,0,22,18,0,3,3,2,1,0,0,11,0,3,2,4,40,3,0,2,29,23,0,8,1,0,1,0,0,5,0,0,10,9,35,2,1,1,26,15,0,3,1,1,0,0,0,8,0,0,2,14,37,1,1,0,15,35,0,3,1,0,1,1,0,2,0,0,1,7,27,3,1,0,22,18,0,10,3,2,3,0,0,5,2,0,1,14,22,4,6,1,15,17,0,1,4,0,1,0,0,1,0,0,2,6,23,14,11,2,30,18,0,4,2,5,2,0,0,5,0,2,3,12,35,2,3,0,24,19,0,3,2,2,0,1,0,6,1,1,5,26,39,7,3,0,29,21,0,7,2,1,5,1,0,15,1,0,0,21,32,7,5,1,39,25,0,2,0,0,3,2,0,6,1,0,4,6,55,3,2,0,39,9,0,8,4,5,0,0,0,16,0,1,10,27,45,4,4,0,18,35,0,3,3,0,1,0,0,9,0,0,2,13,37,1,2,0,11,25,0,3,1,4,0,0,0,7,0,0,2,6,48,0,0,0,0,18
Belconnen,FLYNN,0,1,0,1,0,0,0,4,0,0,2,9,5,5,0,1,5,8,0,1,2,0,0,0,0,0,0,0,2,2,3,2,3,1,8,5,0,0,0,0,0,0,0,5,0,0,1,3,10,2,1,0,9,5,0,1,2,0,0,0,0,0,0,0,0,3,12,2,1,0,5,4,0,4,1,0,0,0,0,2,0,0,0,5,7,0,0,0,7,5,0,0,1,0,0,0,0,2,0,0,1,3,11,2,1,0,1,4,0,1,1,1,0,0,0,2,0,1,0,5,9,3,1,0,5,3,0,3,0,2,0,0,0,3,0,0,2,4,19,0,0,0,0,4,0,3,0,1,1,0,0,1,0,0,0,3,12,2,1,0,10,6,0,3,1,0,0,0,0,1,0,0,2,6,17,1,0,0,6,8,0,0,2,0,0,1,0,1,0,0,3,0,10,1,1,1,9,2,0,4,3,4,0,0,0,2,0,0,0,5,21,2,0,1,3,3,0,0,1,0,0,0,0,2,0,0,1,4,16,2,0,0,1,10,0,0,0,1,0,0,0,1,0,0,4,3,15,0,0,0,3,6,0,3,2,1,0,0,2,6,0,0,2,8,14,4,0,0,5,8,0,0,1,2,0,0,0,6,0,0,0,5,10,1,0,0,11,13,0,0,1,1,0,0,0,10,0,0,2,4,13,0,0,0,5,13,0,0,1,1,0,0,0,2,0,0,1,5,14,0,0,0,0,4
Belconnen,FRASER,0,1,2,0,0,0,0,1,0,0,1,4,8,1,1,1,7,2,0,1,0,3,0,0,0,0,0,0,0,0,5,2,0,0,12,2,0,0,0,0,0,0,0,1,0,0,0,2,9,8,0,0,5,2,0,2,1,0,0,0,0,0,0,0,0,5,9,1,0,0,2,1,0,1,0,4,0,0,0,0,0,0,0,2,3,0,1,0,4,2,0,2,0,1,1,0,0,1,0,0,0,8,6,1,0,0,1,4,0,1,0,1,1,0,0,3,0,0,0,2,3,1,0,0,4,4,0,1,2,0,0,0,0,2,0,0,0,2,1,0,1,0,3,3,0,0,0,1,0,0,0,0,0,0,0,2,5,1,0,0,4,1,0,0,1,1,1,1,0,6,0,0,3,4,33,1,0,0,11,6,0,0,0,0,0,0,0,4,0,0,0,4,6,1,0,0,10,3,0,0,0,0,1,0,0,1,1,0,1,5,17,3,1,1,6,5,0,2,1,0,0,0,0,1,1,2,1,3,18,2,1,0,6,8,0,0,0,0,0,0,0,2,0,0,1,2,8,0,0,0,4,6,0,0,0,1,0,0,0,1,0,0,4,2,6,2,0,0,1,0,0,1,1,0,0,0,0,1,0,1,1,4,12,3,0,0,1,3,0,3,3,0,0,0,0,0,0,0,0,5,12,0,0,0,1,7,0,2,0,0,0,0,0,0,0,0,1,2,22,0,0,0,0,0
Belconnen,GIRALANG,0,1,2,1,0,0,0,2,0,0,1,3,15,2,1,0,15,10,0,0,3,0,0,0,0,2,0,0,3,5,11,1,1,0,16,12,0,2,2,0,0,0,0,1,0,1,0,1,11,1,0,0,25,6,0,0,1,0,0,1,0,5,0,0,0,8,9,1,2,1,9,10,0,0,0,0,0,1,0,1,0,1,0,7,11,1,0,0,6,9,0,3,0,0,0,1,0,1,0,0,0,4,8,0,0,1,10,31,0,0,0,0,0,0,0,2,0,0,3,4,8,2,0,0,16,7,0,0,0,2,0,1,0,1,0,0,0,3,14,1,1,0,11,13,0,0,0,2,2,0,0,1,0,0,1,3,22,1,1,0,14,7,0,1,2,0,0,1,0,0,0,0,1,13,10,4,3,1,3,14,0,0,2,0,1,0,0,0,0,0,1,5,13,1,3,1,7,2,0,0,0,0,0,0,0,2,0,0,1,5,14,5,2,0,9,9,0,0,1,1,0,0,0,6,0,0,0,8,15,2,0,0,9,12,0,1,3,1,0,0,1,0,0,0,1,8,18,4,1,0,16,8,0,4,1,0,0,1,0,7,0,1,3,8,11,2,1,1,10,13,0,3,3,1,0,0,0,1,0,0,1,19,27,2,0,0,6,7,0,2,1,1,0,0,1,0,0,2,1,9,22,0,1,0,3,9,0,2,1,0,0,0,0,4,0,0,1,8,13,0,0,0,0,6
Belconnen,HAWKER,0,0,1,0,0,0,0,2,0,0,1,8,19,20,0,0,13,32,0,0,3,0,0,1,0,2,1,0,1,3,26,14,2,1,12,21,0,4,1,0,0,0,0,1,0,0,2,7,24,20,2,0,21,15,0,1,2,0,0,0,0,1,0,0,0,5,10,12,0,1,18,21,0,1,1,0,0,0,0,3,0,0,1,3,13,14,2,0,7,14,0,2,1,0,0,0,0,2,2,0,1,20,18,5,0,0,9,31,0,0,1,0,0,1,0,2,1,0,2,6,10,20,2,0,14,20,0,1,0,5,0,0,0,3,2,2,2,20,18,7,0,2,12,26,0,9,1,15,0,0,0,4,0,1,0,6,13,23,1,0,13,33,0,1,2,0,2,0,0,2,0,0,5,11,12,8,0,4,12,31,0,3,2,0,0,0,0,2,0,3,4,7,19,42,2,0,17,32,0,0,0,1,0,0,0,1,0,1,1,7,16,12,0,0,22,25,0,2,4,0,0,1,0,2,0,1,5,9,20,13,1,1,23,25,0,0,2,0,0,0,0,1,2,3,1,8,36,35,2,1,27,20,0,4,3,1,0,0,0,2,0,1,0,17,27,27,0,0,22,14,0,1,6,0,0,0,1,4,0,2,4,6,31,15,2,0,10,16,0,0,3,1,0,1,0,2,0,2,0,10,30,5,0,0,1,26,0,3,3,2,0,0,0,2,0,0,1,6,32,0,0,0,0,18
Belconnen,HIGGINS,0,1,3,0,0,0,0,2,1,0,2,5,11,5,1,1,9,9,0,0,0,0,0,0,0,1,0,0,0,5,11,7,1,0,11,3,0,1,3,0,0,1,0,4,0,0,1,4,19,8,1,0,14,7,0,0,0,1,0,0,0,1,0,0,1,5,7,1,0,0,6,1,0,2,0,3,1,0,0,2,1,0,4,7,4,0,0,0,17,9,0,3,0,0,0,0,0,1,0,0,2,4,22,0,0,0,5,7,0,0,0,0,0,0,0,2,0,0,1,2,18,9,0,0,4,8,0,0,2,0,0,0,0,0,0,1,0,5,7,6,0,0,6,4,0,5,2,2,0,0,0,0,0,2,0,8,10,0,0,0,8,3,0,1,5,1,0,0,0,3,0,0,2,6,35,1,0,0,7,5,0,2,1,0,0,0,0,0,0,0,0,5,14,4,0,0,7,9,0,0,2,3,0,0,0,0,0,0,4,2,22,15,0,1,10,4,0,1,1,0,0,0,0,4,1,0,1,8,15,4,1,0,8,10,0,0,1,0,1,1,0,2,1,0,3,6,21,3,1,0,6,8,0,5,2,0,0,0,0,5,0,0,2,9,24,4,0,0,0,10,0,1,0,0,0,0,0,1,0,1,5,10,10,4,1,0,9,12,0,0,1,1,1,0,0,2,0,0,0,7,20,1,1,0,6,6,0,2,0,1,0,0,0,1,0,0,2,5,23,0,0,0,0,3
Belconnen,HOLT,0,2,4,0,0,1,0,2,2,0,3,15,31,20,2,2,42,31,0,4,4,2,0,1,1,6,1,1,5,6,57,13,3,4,37,30,0,4,3,0,0,0,0,2,1,0,0,9,58,10,1,4,60,20,0,6,1,4,1,0,0,4,1,1,6,12,43,6,1,1,25,28,0,3,3,0,0,0,0,5,3,1,7,20,25,0,0,0,17,35,0,4,4,2,0,1,0,12,0,1,4,40,34,6,0,0,16,85,0,2,3,2,0,1,1,4,7,1,2,12,33,18,2,0,24,45,0,7,6,3,0,2,0,5,2,4,4,28,25,7,0,1,19,56,0,14,8,1,2,0,0,2,1,6,3,17,41,13,2,0,31,35,0,4,3,2,1,0,1,2,0,1,5,29,69,2,2,3,33,49,0,5,8,2,1,1,0,5,0,1,9,23,57,30,2,5,53,43,0,5,4,1,0,0,1,2,2,3,3,18,56,10,1,0,63,32,0,4,7,0,0,2,0,5,1,0,7,22,70,25,1,3,40,45,0,9,3,0,2,1,0,5,2,1,4,24,55,20,1,2,36,28,0,3,5,0,0,1,1,6,0,1,9,28,49,13,0,0,31,41,0,7,5,0,1,2,1,5,0,1,6,32,36,9,0,0,20,22,0,5,4,1,0,0,1,7,3,5,1,16,48,3,0,0,11,29,0,10,5,5,2,0,1,5,0,0,2,14,52,0,0,0,0,18
Belconnen,KALEEN,0,1,1,0,1,0,1,3,0,0,1,6,13,20,1,2,11,40,0,0,3,3,0,0,0,6,1,1,2,16,33,20,1,0,27,18,0,6,2,1,0,0,0,12,0,0,2,14,14,39,5,2,21,33,0,5,2,1,0,0,0,4,0,0,5,4,22,20,5,1,31,24,0,1,4,3,0,0,0,2,0,1,3,24,32,15,2,0,14,21,0,1,3,1,0,2,0,3,1,1,1,9,15,12,2,0,19,20,0,1,1,1,0,0,0,5,2,0,3,13,131,18,5,2,34,25,0,0,3,2,0,0,1,2,3,1,3,17,11,7,0,2,13,34,0,7,4,0,0,0,1,6,1,0,0,17,22,21,2,1,20,20,0,6,0,1,1,0,0,2,0,0,1,12,21,6,4,1,15,20,0,0,3,3,1,1,0,1,0,2,2,4,7,18,5,0,22,6,0,2,5,2,0,0,1,4,0,0,1,15,33,12,3,2,20,26,0,7,1,0,1,0,0,2,3,1,3,13,19,14,1,1,20,25,0,2,4,3,1,1,0,5,1,0,0,9,35,16,1,2,30,24,0,5,2,0,1,0,1,8,1,1,3,15,56,16,2,0,44,16,0,1,1,0,1,0,0,11,0,0,1,9,25,17,1,1,18,27,0,2,10,0,3,2,0,6,2,1,2,13,33,3,2,0,8,22,1,4,1,0,1,0,1,6,1,2,4,4,18,0,0,0,0,20
Belconnen,LATHAM,0,2,0,0,1,0,0,4,0,0,4,8,11,11,1,0,16,9,0,0,0,0,0,0,0,1,0,0,2,2,8,3,1,0,12,9,0,0,1,0,0,0,0,5,0,0,0,5,10,5,1,0,15,6,0,6,0,0,0,1,0,3,0,0,0,8,20,8,0,1,10,8,0,2,0,0,0,1,0,6,0,0,3,15,9,6,4,0,12,15,0,1,0,0,0,1,0,1,0,0,1,2,5,5,2,0,5,3,0,0,0,0,0,1,0,0,0,0,2,2,19,9,6,0,9,4,0,3,1,0,0,0,0,3,0,0,0,5,11,1,0,0,6,13,0,2,0,4,0,1,0,2,0,0,1,2,7,1,0,0,23,7,0,1,1,0,0,0,1,2,1,0,0,2,20,11,0,0,8,6,0,0,0,0,0,0,0,1,0,0,0,6,16,7,4,1,10,6,0,6,0,0,3,0,0,0,0,1,1,8,14,2,3,0,6,10,0,11,0,2,1,0,0,4,0,1,2,9,22,3,0,0,21,8,0,2,1,2,0,0,0,0,0,0,0,5,11,6,2,0,8,9,0,0,8,1,0,0,0,3,0,1,3,2,18,5,0,0,11,7,0,1,2,0,0,0,0,1,1,0,3,13,15,3,1,0,4,7,0,1,3,0,1,0,1,1,0,1,2,8,23,2,0,0,4,9,0,3,1,0,2,0,0,1,0,0,1,3,17,0,0,0,0,11
Belconnen,LAWSON,0,0,0,0,0,0,0,0,0,0,0,0,5,0,1,1,3,0,0,0,0,0,0,0,0,0,0,0,0,0,3,0,1,0,1,0,0,0,0,0,0,0,0,0,0,0,0,0,0,10,0,0,2,0,0,0,0,0,0,0,0,0,0,0,0,0,0,2,1,0,6,0,0,0,0,0,0,0,0,0,0,0,0,0,0,2,1,0,2,0,0,0,0,0,0,0,0,0,0,0,0,0,0,6,0,0,0,0,0,0,0,0,0,0,0,0,0,0,0,1,0,0,0,0,2,0,0,0,0,0,0,0,0,1,0,0,0,2,1,1,0,0,0,0,0,0,0,0,0,0,0,1,0,1,0,1,2,0,0,0,4,1,0,0,0,0,0,0,0,0,0,0,2,2,0,1,1,0,1,2,0,0,0,0,0,0,0,1,0,2,0,2,2,0,0,0,2,2,0,0,0,0,0,0,0,2,0,0,0,2,1,0,0,0,8,1,0,0,1,1,0,0,0,1,0,1,0,9,17,0,0,0,5,14,0,1,0,0,0,0,0,0,0,0,1,0,7,0,1,0,2,1,0,1,0,0,1,0,0,0,0,1,4,1,5,0,1,0,1,1,0,0,1,0,0,0,0,4,0,2,1,5,4,0,0,0,1,10,0,0,1,0,0,0,0,1,0,1,0,2,6,1,0,0,0,4,0,2,1,0,0,0,0,4,0,1,0,8,5,0,0,0,0,9
Belconnen,MACGREGOR,0,0,4,1,0,0,0,5,2,0,2,9,14,0,0,0,11,10,0,2,1,0,0,0,0,6,0,0,2,8,17,2,0,0,6,19,0,2,3,0,1,0,2,3,1,1,1,15,16,1,0,0,14,15,0,5,2,0,1,0,1,2,0,1,2,4,22,4,0,0,9,8,0,6,2,1,1,0,0,2,1,0,4,10,13,1,0,0,10,18,0,0,0,4,0,0,0,6,0,0,5,6,21,1,0,0,8,16,0,2,6,0,0,0,0,7,0,0,2,4,10,1,0,0,13,23,0,5,0,0,2,0,0,5,0,0,4,10,19,0,1,1,8,38,0,2,0,0,2,0,0,6,0,0,3,9,13,0,0,0,7,13,0,2,0,1,0,0,0,2,1,0,11,12,27,4,0,1,12,26,0,3,2,7,1,0,0,4,1,0,6,20,43,1,0,1,21,12,0,8,0,1,0,0,0,7,0,0,8,10,41,2,2,0,12,18,0,6,4,1,1,0,0,6,1,1,2,13,18,0,0,1,12,14,0,5,0,6,1,0,0,9,0,0,4,8,16,2,0,1,8,10,0,1,2,1,0,0,0,2,0,1,1,6,17,2,1,0,3,13,0,6,1,0,2,0,0,4,0,1,3,8,22,1,0,0,4,23,0,2,3,7,1,0,0,3,0,1,1,6,10,1,0,0,3,14,0,5,1,0,2,0,0,2,0,0,3,6,11,0,0,0,0,4
Belconnen,MACQUARIE,0,3,2,1,0,0,0,6,1,1,4,10,61,0,3,2,23,33,0,0,1,3,0,0,0,1,0,0,0,4,13,3,4,3,23,14,0,2,2,1,0,0,0,3,1,1,4,13,13,2,5,1,22,14,0,0,1,3,0,0,0,7,0,14,2,8,21,0,1,0,22,19,0,2,1,0,1,0,0,1,0,2,1,6,15,2,4,0,19,14,0,0,3,0,0,0,0,3,2,2,3,8,10,0,1,0,16,18,0,1,1,1,0,0,0,3,0,1,5,27,30,0,2,1,8,27,0,1,1,0,0,0,0,3,2,4,0,15,13,1,0,1,12,29,0,2,2,1,1,0,0,3,2,0,0,9,16,0,2,0,32,13,0,8,2,4,2,0,0,2,1,0,2,8,18,2,6,2,18,22,0,5,1,0,0,0,0,0,1,1,3,9,24,2,11,2,31,22,0,4,3,0,1,0,1,2,1,1,3,14,5,1,7,0,24,21,0,6,1,0,0,0,0,7,2,0,9,17,20,2,7,3,28,33,0,3,2,0,0,0,1,2,0,2,6,16,19,2,9,2,41,22,0,5,1,1,1,0,0,4,0,1,6,18,23,6,1,1,37,28,0,3,1,4,0,0,0,2,0,1,6,9,19,5,3,1,12,23,0,4,0,1,0,1,0,1,1,1,2,11,33,0,0,0,13,16,0,1,8,1,1,0,1,2,0,2,1,15,33,0,0,0,0,11
Belconnen,MCKELLAR,1,2,0,0,1,0,1,0,0,0,1,4,5,0,2,0,14,3,0,2,3,0,0,0,0,1,0,0,2,2,16,3,1,0,7,8,0,2,0,0,0,0,0,6,0,1,0,3,12,2,2,0,12,8,0,1,1,0,0,0,0,2,0,0,3,4,7,1,0,0,10,9,0,2,0,0,0,0,0,2,0,0,3,5,10,0,1,1,6,4,0,2,2,3,0,0,0,2,0,2,0,3,38,0,1,0,8,4,0,2,1,0,0,1,0,0,0,1,2,6,10,1,1,0,9,4,0,4,0,0,1,0,0,0,0,0,1,7,5,0,0,1,5,9,0,4,0,0,0,0,0,2,0,0,0,5,4,4,0,0,9,4,0,11,0,0,0,0,0,3,0,0,2,3,10,0,2,0,7,8,0,3,0,0,5,0,0,3,0,0,1,2,11,2,0,1,8,5,0,4,2,1,2,0,0,1,0,0,0,5,10,1,0,0,7,2,0,6,1,0,1,0,0,4,0,0,0,11,1,0,0,0,1,6,0,6,1,21,0,5,0,1,0,0,1,10,10,0,0,0,4,6,0,2,1,0,0,0,0,4,0,0,1,10,19,1,1,0,7,4,0,5,0,0,0,0,0,3,0,0,1,7,18,1,1,0,0,6,0,1,1,0,1,0,0,3,0,1,0,6,14,0,1,0,1,4,0,0,2,0,1,0,0,1,0,0,1,11,5,0,0,0,0,6
Belconnen,MELBA,0,5,0,0,0,0,0,8,0,0,4,4,7,4,0,0,5,13,0,3,0,0,0,0,0,4,0,1,4,7,9,2,1,0,8,23,0,1,0,0,0,0,0,2,0,0,0,3,9,3,0,1,9,13,0,3,0,0,1,0,0,2,0,4,0,5,8,4,0,0,5,11,0,1,0,0,0,0,0,0,0,0,0,5,15,0,0,0,9,7,0,2,0,1,0,0,0,3,0,0,1,5,13,1,0,0,5,16,0,2,2,6,0,0,0,3,1,0,0,11,14,4,0,1,9,8,0,2,1,1,0,2,1,2,0,1,1,5,18,3,0,0,4,3,0,5,1,1,2,0,0,5,0,0,1,4,14,2,1,0,11,8,0,1,0,0,0,1,0,3,0,2,2,3,10,1,2,0,9,8,0,2,0,1,1,1,0,2,2,1,1,5,29,1,3,0,18,10,0,8,0,0,1,0,0,1,0,1,2,4,20,1,1,0,4,12,0,9,2,5,1,0,0,8,1,0,0,6,18,4,2,0,8,22,0,3,2,1,0,0,1,2,0,0,1,18,10,3,2,0,6,4,0,2,4,5,2,0,0,6,1,1,1,4,24,1,1,0,8,14,0,7,1,1,0,0,0,3,0,3,4,3,16,3,0,0,7,8,0,3,3,1,0,0,0,5,0,1,0,6,15,1,0,0,0,9,0,0,5,0,0,0,0,7,0,1,1,5,28,0,0,0,0,11
Belconnen,PAGE,0,0,6,0,0,0,0,5,0,1,0,5,10,6,1,0,10,19,0,0,2,0,0,0,0,3,0,1,0,5,4,4,1,1,19,6,0,0,2,0,0,0,0,5,0,4,1,2,17,2,2,0,13,9,0,1,1,0,0,0,0,0,0,2,6,6,14,0,0,2,2,3,0,0,1,0,0,0,0,6,0,0,0,14,12,0,1,0,7,11,0,3,2,1,0,1,0,2,0,1,2,7,9,2,2,0,8,7,0,0,0,0,0,0,0,1,0,4,1,5,12,2,1,0,12,8,0,0,0,1,0,0,0,1,0,0,0,3,8,0,0,0,6,8,0,0,4,0,0,0,0,1,0,0,0,3,9,1,1,0,2,4,0,1,3,1,0,0,0,2,0,0,1,5,19,2,0,0,5,6,0,4,3,1,0,0,1,2,0,0,3,14,18,7,2,1,5,5,0,6,6,7,0,0,0,0,0,1,3,8,7,2,1,0,15,5,0,4,1,1,0,0,0,5,0,1,0,3,27,4,0,0,8,12,0,0,1,0,0,0,0,2,0,0,1,3,13,4,1,0,9,5,0,7,3,0,0,0,0,5,0,0,5,10,16,8,0,0,10,4,0,2,3,0,1,0,0,3,0,2,1,4,8,5,1,0,5,14,0,6,2,4,0,0,0,12,0,0,0,9,22,2,0,0,8,18,0,5,2,0,2,0,0,2,0,0,0,12,10,0,0,0,0,6
Belconnen,SCULLIN,0,2,0,1,0,0,0,1,0,0,0,6,11,1,2,0,5,6,0,0,2,0,0,0,0,3,0,1,2,9,7,2,1,0,9,5,0,3,1,1,0,1,0,1,0,0,0,4,7,6,0,0,12,10,0,0,1,2,0,0,0,5,0,0,2,5,6,2,0,0,6,12,0,0,1,1,0,0,0,2,2,0,3,9,7,1,0,0,5,7,0,4,1,1,0,0,0,1,0,0,2,4,8,0,0,0,5,6,0,3,1,1,2,0,0,4,0,1,2,5,7,3,1,1,13,7,0,3,2,0,0,0,0,2,0,2,2,6,15,1,0,0,2,10,0,5,2,0,0,0,0,1,0,0,0,8,17,3,0,0,6,7,0,11,0,0,2,0,0,2,0,0,3,8,14,1,5,3,7,10,0,2,5,0,0,0,0,0,0,0,2,8,17,7,0,0,10,8,0,1,1,0,2,0,0,0,0,0,1,2,14,2,2,0,8,4,0,0,1,0,1,0,0,5,0,1,5,9,14,6,0,0,4,14,0,2,0,1,0,0,0,1,0,0,0,2,9,3,0,0,4,10,0,0,1,0,0,0,0,5,0,1,11,12,29,9,0,0,6,17,0,4,2,0,0,1,0,2,0,0,3,6,20,5,0,0,9,8,0,3,0,0,0,0,0,3,0,0,1,10,13,0,0,0,2,12,0,1,1,0,0,0,0,2,0,0,0,9,18,0,0,0,0,8
Belconnen,SPENCE,0,5,4,0,0,0,0,3,0,1,0,7,51,3,0,0,5,9,0,1,1,0,0,0,0,2,0,0,1,5,8,2,1,0,7,6,0,0,0,0,0,0,0,2,0,0,2,6,13,1,0,0,6,7,0,1,0,0,0,0,0,4,0,1,0,8,8,1,0,0,4,10,0,3,0,0,0,0,0,3,1,0,1,3,5,0,0,0,6,11,0,3,0,0,0,0,0,0,0,0,0,1,8,0,0,0,0,12,0,0,1,0,0,1,0,1,1,0,1,2,0,0,0,0,3,9,0,1,1,0,0,0,0,4,0,0,3,5,9,0,1,0,11,3,0,1,1,2,0,0,0,0,0,0,0,5,10,0,0,0,8,10,0,0,1,0,1,0,0,3,0,1,1,5,21,3,0,0,5,11,0,2,1,0,0,0,0,5,0,0,0,4,10,2,0,0,11,10,0,2,2,4,1,0,0,7,0,0,1,2,16,2,0,0,19,6,0,2,1,0,0,0,1,6,0,0,0,6,21,2,0,0,8,7,0,2,1,0,0,0,0,10,0,0,1,6,11,1,0,0,15,11,0,1,3,0,0,0,0,2,0,0,3,4,20,5,0,1,17,5,0,1,1,1,0,0,0,4,0,0,2,4,27,5,0,0,10,6,0,0,0,0,0,0,0,3,0,1,1,1,4,1,0,0,2,8,0,1,0,0,0,0,0,4,0,0,2,4,10,0,0,0,0,6
Belconnen,WEETANGERA,0,0,0,0,0,0,0,5,0,0,0,0,2,1,1,0,11,11,0,0,0,0,0,0,0,0,0,0,1,0,3,3,0,0,7,3,0,4,0,0,0,0,0,1,0,0,0,0,7,2,1,1,13,2,0,0,0,0,1,0,0,0,0,1,1,1,4,1,1,0,2,4,0,0,0,0,0,0,0,0,0,0,0,1,3,5,0,0,4,4,0,0,0,0,1,0,0,0,0,0,3,5,6,1,0,0,1,6,0,0,0,0,0,0,0,4,0,0,1,4,5,2,0,0,10,6,0,1,0,0,0,0,0,0,0,0,2,10,5,1,1,0,1,5,0,0,0,0,0,0,0,1,0,0,0,5,4,3,0,0,6,5,0,0,0,0,1,0,0,0,0,0,0,1,2,2,0,0,3,3,0,0,0,1,0,0,1,5,0,0,2,3,1,14,2,0,10,6,0,0,1,0,0,0,0,1,0,0,0,4,8,4,1,0,9,4,0,0,0,0,0,0,0,5,0,0,2,4,6,8,0,0,8,7,0,0,0,1,0,0,0,0,0,0,2,3,2,7,0,0,10,5,0,0,0,1,0,0,0,3,0,0,3,2,1,10,1,0,7,5,0,0,0,0,1,0,0,2,0,0,0,8,5,16,1,0,6,11,0,0,0,2,0,0,0,2,0,0,1,2,3,0,0,0,0,6,0,2,0,0,1,0,0,0,0,0,1,4,6,0,0,0,0,6
Gungahlin ,AMAROO,0,1,2,1,1,1,0,1,0,2,0,10,11,0,0,0,10,8,0,0,0,0,2,0,0,2,0,2,0,3,18,0,1,0,4,5,0,1,0,0,1,0,0,1,0,0,1,7,13,0,0,0,7,9,0,2,0,0,0,0,0,3,0,0,1,13,10,0,0,0,2,6,0,1,1,1,0,0,0,1,0,1,0,4,9,0,1,0,4,7,0,0,0,1,0,0,0,3,2,0,3,12,5,0,1,0,3,7,0,0,1,1,0,0,0,1,0,0,1,12,6,1,0,0,6,2,0,3,2,0,0,0,0,3,1,2,2,22,12,2,0,1,4,20,0,4,2,0,0,0,0,5,0,2,2,17,12,0,1,0,5,11,0,1,1,7,1,0,0,4,0,2,0,11,31,1,0,0,10,20,0,6,3,1,0,0,0,2,0,3,1,11,26,2,0,0,16,13,0,6,3,0,0,0,0,1,0,1,1,14,11,0,0,0,5,34,0,4,1,1,0,0,0,1,0,1,0,9,10,0,0,0,8,12,0,1,5,0,0,0,0,2,0,0,0,12,9,1,1,0,3,3,0,3,3,3,0,0,0,2,0,2,4,4,16,1,0,0,10,15,0,0,9,0,1,0,0,8,0,1,2,12,9,3,1,2,5,22,0,2,4,0,0,0,0,12,0,0,0,6,11,0,1,1,2,28,0,4,3,2,0,0,0,4,0,0,1,6,13,0,0,0,0,18
Gungahlin ,BONNER,0,5,1,1,2,0,0,1,0,0,2,14,20,0,0,0,9,10,0,1,0,0,1,0,0,5,0,0,0,13,12,2,1,0,13,4,0,2,1,0,0,0,0,2,0,0,4,4,5,2,2,0,14,7,0,1,1,4,0,0,0,7,0,0,1,4,9,1,3,1,7,7,0,1,0,0,0,0,0,2,0,0,1,7,5,1,0,0,6,7,0,3,2,1,0,0,0,2,3,0,6,7,9,0,0,0,4,16,0,1,1,0,0,0,0,2,0,0,2,8,7,0,0,0,9,4,0,6,1,0,0,0,0,2,0,0,3,7,5,0,0,1,6,9,0,3,2,0,1,0,0,3,1,0,2,7,6,0,1,1,9,11,0,6,1,0,0,0,0,0,0,0,0,4,12,0,0,0,8,5,0,6,2,0,0,2,0,1,0,0,4,1,17,0,1,1,11,9,0,1,1,2,2,0,0,2,0,0,0,4,25,0,2,0,6,10,0,9,0,1,1,0,0,2,0,0,2,9,12,0,0,0,7,6,0,0,0,2,0,0,0,0,2,0,0,7,17,0,1,0,3,6,0,3,2,0,0,0,1,5,0,0,4,8,26,0,0,0,5,46,0,6,4,0,0,0,0,4,0,0,6,8,19,0,1,0,1,22,0,6,0,0,0,0,0,3,0,0,1,3,19,0,0,1,2,19,0,3,0,0,0,0,0,1,0,0,0,3,12,0,0,0,0,9
Gungahlin ,CASEY,0,1,0,0,0,0,0,0,0,0,1,7,4,1,1,0,10,21,0,3,1,0,0,0,0,0,0,2,1,12,8,0,1,0,8,16,0,3,1,2,0,0,0,5,0,3,4,2,18,5,1,0,6,10,0,0,0,0,2,0,0,6,0,9,0,6,11,0,1,0,8,27,0,1,0,1,1,0,0,5,0,3,5,8,11,0,0,0,7,9,0,2,0,0,0,0,0,5,0,0,2,12,8,1,0,0,10,20,0,1,0,0,0,0,0,9,0,0,6,7,4,1,1,0,14,14,0,5,2,1,4,0,0,2,0,3,2,8,23,7,1,1,0,9,0,0,0,1,0,0,0,7,0,4,2,1,17,2,0,0,8,17,0,2,1,0,0,0,0,6,0,3,1,6,12,0,0,0,5,28,0,5,2,0,0,0,0,15,1,4,4,6,14,9,0,0,14,57,0,5,2,5,4,0,1,3,0,1,1,8,13,3,1,1,16,29,0,2,3,0,0,3,0,10,1,0,3,13,9,2,0,0,10,31,0,2,1,0,0,0,0,1,0,0,3,12,8,1,0,0,11,14,0,6,0,0,0,0,0,3,2,0,2,14,15,5,1,0,12,8,0,11,2,0,3,0,0,3,1,0,2,12,20,1,1,0,15,21,0,0,0,1,1,1,1,0,0,0,3,5,15,0,0,0,2,15,0,8,3,0,2,0,0,2,1,0,2,11,15,0,0,0,0,21
Gungahlin ,CRACE,0,1,0,0,0,0,0,1,0,0,3,5,7,5,0,0,5,9,0,2,0,0,0,0,0,1,0,2,2,3,8,1,0,0,21,11,0,0,0,0,1,0,0,6,0,2,0,1,2,1,1,0,17,7,0,1,1,0,0,0,0,2,0,3,0,0,9,0,0,0,10,5,0,0,0,0,0,0,0,3,0,0,1,5,6,3,1,1,12,17,0,0,0,0,0,0,0,2,0,2,3,11,5,2,1,0,12,3,0,2,0,0,1,0,0,1,1,0,2,4,6,1,2,0,9,16,0,3,1,0,0,0,0,4,0,1,2,8,5,1,0,0,5,91,0,0,0,0,0,0,0,3,0,1,0,6,8,3,1,1,9,7,0,1,2,0,2,0,0,3,2,2,2,6,13,3,0,1,2,23,0,1,0,2,0,0,0,7,1,3,2,5,16,1,3,0,6,14,0,2,1,1,0,0,0,2,3,1,2,1,23,1,0,0,3,9,0,3,2,0,0,0,0,1,2,1,0,13,4,0,0,0,1,15,0,1,2,0,0,0,0,7,0,3,3,9,20,1,1,0,5,8,0,1,2,0,0,0,0,2,0,0,1,1,11,0,1,2,10,13,0,0,0,0,0,0,0,2,0,0,2,1,9,1,0,0,3,5,0,1,0,1,0,0,0,3,0,1,0,9,8,1,0,1,1,8,0,1,0,0,0,0,0,1,0,0,4,3,12,0,0,0,0,5
Gungahlin ,FORDE,0,0,1,0,0,0,0,2,0,0,0,5,4,0,1,0,2,9,0,0,2,0,1,0,0,1,0,0,1,3,6,0,1,0,6,6,0,1,0,0,0,0,0,0,0,0,0,4,6,5,0,0,1,2,0,0,4,0,0,0,0,0,0,0,2,0,8,0,4,0,11,6,0,0,0,0,0,0,1,0,0,0,0,3,4,0,0,0,5,2,0,0,0,1,0,0,0,2,1,0,3,16,9,5,1,0,6,18,0,3,0,0,0,0,0,0,1,0,0,0,8,0,0,0,4,5,0,1,0,0,0,0,0,2,0,1,2,4,8,1,0,0,5,6,0,4,0,4,0,0,0,1,0,1,3,2,18,0,0,0,8,7,0,0,1,2,0,0,0,2,1,0,1,2,8,1,1,0,2,6,0,3,1,1,1,0,0,2,0,0,3,5,9,1,2,0,2,5,0,1,1,1,0,0,0,0,0,0,0,6,8,0,2,0,7,2,0,6,2,0,0,0,0,0,0,0,0,6,1,1,0,1,4,6,0,1,1,1,0,0,0,2,0,0,2,1,3,3,0,0,2,6,0,0,1,0,0,0,0,2,1,0,1,5,7,7,0,0,10,9,0,3,0,0,2,0,0,7,0,0,0,9,15,3,1,0,3,11,0,2,1,0,0,0,0,0,2,0,0,6,11,1,0,0,2,9,0,0,1,0,0,0,0,2,0,1,1,0,9,0,0,0,0,5
Gungahlin ,FRANKLIN,0,0,1,0,0,1,0,3,0,0,2,5,15,25,3,1,23,12,0,3,2,1,0,0,0,4,0,2,0,8,8,30,0,0,21,14,0,3,1,0,0,0,0,6,0,2,0,6,14,37,2,1,31,14,0,4,0,0,0,0,0,2,0,2,1,5,19,19,3,0,23,9,0,1,0,0,0,0,0,2,0,1,1,8,14,27,3,0,43,12,0,0,0,0,0,0,0,5,0,1,2,8,9,34,1,1,25,24,0,1,0,1,0,0,0,2,0,0,0,8,16,37,1,1,23,14,0,3,2,1,0,0,0,3,0,4,3,11,10,56,4,0,26,13,0,1,3,0,0,0,0,7,0,2,1,8,13,47,0,0,38,17,0,6,0,1,0,0,0,7,0,4,3,8,20,31,1,0,19,20,0,5,3,1,0,0,0,15,0,1,2,14,17,65,5,0,38,28,0,4,1,1,1,0,0,14,1,1,2,14,21,34,3,0,27,17,0,6,1,0,0,0,0,8,2,1,3,15,17,8,0,0,23,21,0,0,2,0,1,0,0,13,1,2,5,17,21,24,0,1,14,23,0,3,1,0,0,0,0,8,2,2,3,10,21,39,0,0,33,22,0,1,0,1,1,0,0,11,0,0,0,10,20,28,2,2,24,23,0,1,0,1,0,0,0,4,0,0,7,2,10,21,0,0,6,15,0,1,1,0,0,0,0,1,1,3,4,19,20,0,0,0,0,20
Gungahlin ,GUNGAHLIN,0,1,8,3,0,0,0,4,0,1,1,19,71,6,13,6,78,79,0,3,9,2,0,0,1,4,0,2,6,11,76,8,5,2,44,80,0,2,3,3,3,0,0,3,1,4,2,9,60,9,7,4,67,54,0,3,6,2,0,0,0,5,1,1,8,8,78,8,9,3,78,61,0,3,2,1,0,0,0,2,3,0,3,10,58,7,6,4,43,60,0,0,12,0,0,0,0,3,2,2,5,22,64,7,9,1,68,67,0,8,5,1,0,0,3,2,1,3,5,11,70,10,3,3,63,63,0,10,3,3,2,0,1,3,0,13,4,48,63,5,11,3,75,66,0,11,9,0,0,0,2,1,0,1,5,13,77,6,6,4,73,76,0,13,14,8,7,0,0,5,3,6,6,33,57,9,5,2,66,93,0,8,7,2,0,0,0,2,4,3,1,19,69,24,10,2,57,88,0,8,9,0,0,0,0,5,3,2,5,20,61,15,9,1,55,50,0,21,17,4,1,0,0,8,2,1,10,38,72,2,4,1,41,103,0,2,12,2,1,0,0,5,0,2,7,12,79,9,5,1,55,51,0,5,12,1,2,0,1,8,2,3,12,19,105,24,2,1,84,66,0,4,6,0,1,0,2,5,0,0,11,17,128,6,6,1,33,180,0,6,11,1,0,0,1,3,4,4,5,13,78,0,3,0,11,79,0,7,8,0,0,0,0,4,3,1,4,14,67,0,0,0,0,116
Gungahlin ,HALL,0,0,0,0,0,0,0,0,0,1,0,0,3,0,1,0,1,1,0,0,0,0,0,0,0,0,0,0,0,0,2,5,0,0,3,1,0,1,1,0,0,1,0,0,0,0,0,1,9,2,0,0,5,2,0,1,0,0,0,0,0,0,0,0,1,0,7,0,1,0,7,0,0,0,0,0,0,0,0,1,0,1,0,2,3,0,0,0,1,2,0,0,0,0,0,0,1,0,0,1,0,2,5,0,0,0,0,2,0,0,0,0,0,0,0,1,0,0,1,0,0,0,0,0,0,0,0,0,0,0,0,0,0,0,1,0,0,0,2,0,0,0,2,0,0,0,1,0,0,0,0,0,0,0,0,4,0,0,0,0,0,0,0,0,1,0,0,0,0,1,0,0,0,0,2,0,0,0,3,0,0,0,0,0,0,0,0,0,0,0,0,0,0,0,0,0,0,0,0,0,0,0,0,0,0,0,0,0,0,0,0,3,0,0,0,0,0,0,2,0,0,0,0,2,0,1,1,1,3,0,0,0,3,2,0,0,1,0,0,0,0,0,0,0,2,1,2,3,0,0,3,2,0,0,0,1,0,0,0,2,0,0,0,0,3,17,1,0,2,0,0,0,0,0,0,0,0,2,0,0,1,0,5,0,0,0,0,6,0,0,0,0,0,0,0,0,0,0,0,1,3,0,0,0,0,0,0,0,0,0,0,0,0,0,0,0,2,0,3,0,0,0,0,1
Gungahlin ,HARRISON,0,0,1,0,0,0,0,1,0,0,2,14,16,19,6,0,37,5,0,2,3,3,0,0,0,2,0,0,1,12,15,10,2,0,43,5,0,1,0,0,0,0,0,2,0,0,0,5,7,15,0,1,34,4,0,1,3,1,0,0,0,3,0,1,0,3,11,18,2,0,30,6,0,1,0,0,0,0,0,10,0,0,2,1,3,8,2,0,23,16,0,2,0,0,0,0,0,4,1,0,2,6,30,14,4,0,32,26,0,2,0,1,0,0,0,3,0,2,0,4,12,26,1,0,24,9,0,4,6,0,0,0,0,2,1,5,2,9,21,20,3,0,32,19,0,1,2,0,0,0,0,2,0,4,1,8,12,10,2,0,24,11,0,2,2,1,0,0,0,3,0,3,1,9,10,12,2,0,35,24,0,1,1,0,0,0,0,10,0,0,4,6,13,18,3,0,46,14,0,2,2,0,1,0,0,13,0,0,0,6,11,17,3,2,28,8,0,1,0,0,0,0,0,11,0,5,2,15,13,10,4,1,21,24,0,1,0,1,0,0,0,11,0,1,3,18,20,65,3,1,33,27,0,3,4,0,0,0,1,4,0,0,3,10,17,23,3,1,18,13,0,2,4,1,1,0,0,5,0,5,5,16,18,41,1,1,21,21,0,2,1,1,0,0,0,1,1,1,4,8,13,20,0,0,13,10,0,3,3,1,2,0,0,2,1,2,1,7,15,0,0,0,0,18
Gungahlin ,JACKA,0,0,0,0,0,0,0,0,0,0,0,0,0,0,0,0,1,0,0,1,0,0,0,0,0,0,0,0,0,0,4,0,0,0,0,0,0,0,0,0,0,0,0,0,0,0,0,0,0,7,0,0,5,1,0,0,0,0,0,0,0,0,0,0,0,1,1,1,1,0,0,0,0,0,0,0,0,0,0,0,0,0,0,0,0,16,0,0,5,0,0,0,0,0,0,0,0,0,0,0,1,0,0,8,0,0,3,1,0,0,0,0,0,0,0,0,0,0,0,0,0,1,0,0,0,1,0,0,0,0,0,0,0,1,0,0,0,1,0,0,0,0,1,2,1,0,0,0,0,0,0,0,0,0,0,0,0,1,0,0,0,1,0,2,0,0,0,0,0,0,0,0,0,0,1,1,0,0,0,0,0,0,0,0,0,0,0,1,0,0,3,2,2,0,0,0,0,0,0,0,0,0,0,0,0,0,0,0,1,1,0,1,0,0,2,1,0,3,0,0,0,0,0,1,0,0,0,4,2,1,0,0,0,5,0,0,0,0,0,0,0,0,0,0,0,0,2,0,0,0,0,1,0,1,0,0,0,0,0,1,0,0,1,1,0,0,0,0,0,5,0,0,0,0,0,0,0,0,0,0,1,0,0,2,1,0,0,3,0,1,0,0,0,0,0,0,0,0,0,1,1,0,0,0,0,2,0,0,1,0,1,0,0,0,0,0,0,1,0,0,0,0,0,0
Gungahlin ,KENNY,0,0,0,0,0,0,0,0,0,0,0,0,0,1,0,0,2,0,0,0,0,0,0,0,0,0,0,0,0,0,0,14,0,0,9,0,0,0,0,0,0,0,0,0,0,0,0,0,0,5,0,0,5,0,0,0,0,0,0,0,0,0,0,0,0,0,0,1,0,0,4,1,0,0,0,0,0,0,0,0,0,0,0,2,0,4,1,0,3,0,0,0,0,0,0,0,0,0,0,1,0,0,0,5,1,0,1,1,0,0,0,0,0,0,0,0,0,0,1,0,0,3,0,0,2,0,0,0,0,0,0,0,0,0,0,0,0,0,0,3,1,0,1,0,0,0,0,0,0,0,0,0,0,0,0,0,0,3,1,0,8,0,0,0,0,0,0,0,0,0,0,0,0,0,0,5,0,0,1,0,0,0,0,0,0,0,0,0,0,0,0,0,0,0,0,0,0,0,0,0,0,0,0,0,0,0,0,0,0,0,2,0,0,0,1,0,0,0,0,0,0,0,0,0,0,0,0,0,1,2,0,0,1,0,0,0,1,0,0,0,0,0,0,0,0,1,0,3,0,0,1,0,0,0,3,0,0,0,0,0,0,1,0,1,3,1,0,0,2,1,0,0,1,0,0,0,0,0,0,0,0,0,0,7,1,0,4,0,0,0,0,0,0,0,0,0,0,0,0,0,0,0,0,0,0,0,0,0,0,0,0,0,0,0,0,0,0,0,0,0,0,0,0,0
Gungahlin ,KINLYSIDE,0,0,0,0,0,0,0,0,0,0,0,0,0,0,0,0,0,0,0,0,0,0,0,0,0,0,0,0,0,0,0,0,0,0,0,0,0,0,0,0,0,0,0,0,0,0,0,0,0,0,0,0,0,0,0,0,0,0,0,0,0,0,0,0,0,0,0,0,0,0,0,0,0,0,0,0,0,0,0,0,0,0,0,0,0,1,0,0,1,0,0,0,0,0,0,0,0,0,0,0,0,0,5,1,0,0,0,0,0,0,0,0,0,0,0,0,0,0,0,0,0,0,0,0,2,0,0,0,0,0,0,0,0,0,0,0,0,0,0,0,0,0,0,0,0,0,0,0,0,0,0,0,0,0,0,0,0,0,0,0,0,0,0,0,0,0,0,0,0,0,0,0,0,0,0,0,0,0,0,0,0,0,0,0,0,0,0,0,0,0,0,0,0,0,0,0,0,0,0,0,0,0,0,0,0,0,0,0,0,0,0,0,0,0,0,0,0,0,0,0,0,0,0,0,0,0,0,0,0,0,0,0,0,0,0,0,0,0,0,0,0,0,0,0,0,0,0,0,0,0,0,0,0,0,0,0,0,0,0,0,0,0,0,0,0,0,0,0,0,0,0,0,0,0,0,0,0,0,0,0,0,0,0,0,0,0,0,0,0,0,0,0,0,0,0,0,0,0,0,0,0,0,0,0,0,0,0,0,0,0,0,0,0,0,0,0,0,0,0,0,0,0,0,0
Gungahlin ,MITCHELL,0,1,3,0,0,0,0,0,4,7,1,4,24,13,6,6,52,11,0,0,2,0,0,0,0,0,2,0,1,7,24,9,10,2,37,10,0,0,2,1,0,0,0,0,2,3,2,3,28,15,8,2,51,13,0,0,1,0,0,0,0,0,2,0,2,2,26,10,12,5,50,11,0,1,0,0,0,0,0,1,1,1,1,1,32,12,7,6,75,9,0,0,0,0,0,0,0,0,4,3,1,4,31,16,10,1,43,18,0,0,0,0,0,0,0,0,2,2,3,4,25,17,11,9,27,16,0,0,3,0,0,0,0,0,9,2,2,4,10,27,6,2,36,9,0,0,4,0,0,0,0,0,2,2,3,3,30,53,7,1,41,19,0,0,4,0,0,0,0,1,3,2,2,6,28,33,7,1,42,8,0,0,6,0,0,0,0,0,6,1,5,9,50,21,12,0,38,20,0,0,0,0,0,0,0,0,4,6,1,4,35,18,7,2,41,16,0,0,0,1,1,1,0,0,1,3,1,9,31,24,5,0,61,12,0,1,1,1,0,0,0,1,4,4,0,7,73,32,13,1,40,18,0,0,4,0,0,0,0,0,4,4,6,6,47,34,7,1,47,10,0,0,3,0,0,0,0,0,3,1,1,5,23,17,3,2,25,20,0,0,5,1,0,0,0,0,0,1,1,7,30,5,0,0,19,14,0,0,2,0,0,0,0,1,2,4,5,9,22,0,0,0,0,10
Gungahlin ,MONCRIEFF,0,0,0,0,0,0,0,0,0,0,0,0,0,0,0,0,0,0,0,0,0,0,0,0,0,0,0,0,0,0,0,0,0,0,0,0,0,0,0,0,0,0,0,0,0,0,0,0,0,2,0,0,3,0,0,0,0,0,0,0,0,0,0,0,0,0,0,6,0,0,1,0,0,0,0,0,0,0,0,0,0,0,0,0,1,2,0,0,1,1,0,0,0,0,0,0,0,0,0,0,0,0,1,3,1,0,5,0,0,0,0,0,0,0,0,0,0,1,0,0,0,5,0,0,1,2,0,0,2,0,0,0,0,0,0,0,1,2,0,5,0,0,6,1,0,0,0,0,0,0,0,0,0,1,0,8,1,5,0,0,0,0,0,0,0,0,0,0,0,0,0,2,0,5,1,3,0,0,11,4,0,0,0,0,0,0,0,0,0,4,0,4,5,13,0,0,14,4,0,0,0,0,0,0,0,5,0,4,1,3,4,12,0,0,16,5,0,0,3,0,0,0,0,1,0,1,0,0,6,1,3,0,6,12,0,2,0,0,0,0,0,30,0,1,0,11,2,1,0,0,11,11,0,4,1,0,1,0,0,8,0,2,1,17,8,7,1,0,23,8,0,4,2,0,1,0,0,5,0,3,3,11,13,8,0,0,3,14,0,3,1,0,0,0,0,6,0,1,2,8,18,0,0,0,5,24,0,7,3,0,0,0,0,2,0,0,1,7,12,0,0,0,0,8
Gungahlin ,NGUNNAWAL,0,1,4,0,3,1,0,7,1,1,3,20,16,0,2,1,10,28,0,3,1,0,1,0,0,5,0,1,5,20,26,1,1,0,16,17,0,4,2,0,0,0,0,6,0,0,1,13,21,1,2,1,8,13,0,2,1,0,0,3,0,7,0,1,12,10,11,1,2,0,10,21,0,7,3,0,0,0,0,5,0,0,2,14,12,1,1,3,5,9,0,6,2,1,1,0,0,2,1,0,3,17,25,3,1,0,8,17,0,4,1,0,0,0,1,10,0,2,1,13,27,0,3,0,12,12,0,11,2,0,3,0,0,14,0,1,4,17,17,1,0,2,18,33,0,6,3,1,1,0,0,7,1,0,1,24,29,1,1,0,6,31,0,10,8,0,3,1,0,13,0,1,2,14,25,0,0,0,12,18,0,10,1,3,0,0,0,11,0,1,8,22,17,2,0,0,5,22,0,9,2,0,1,0,0,5,0,0,0,21,19,0,1,0,8,27,0,13,3,5,1,0,1,6,2,0,1,21,26,0,1,0,4,22,0,7,3,5,2,1,0,8,0,0,4,19,27,1,0,0,12,19,0,6,2,3,0,0,1,8,2,0,9,12,27,1,0,0,20,15,0,12,2,2,0,0,0,10,0,1,3,9,30,0,2,1,16,20,0,6,4,2,2,0,0,6,0,1,3,10,31,0,0,0,4,16,0,8,1,1,3,0,0,9,1,1,3,17,33,0,0,0,0,20
Gungahlin ,NICHOLLS,0,1,1,0,0,0,0,0,3,1,0,11,13,0,1,1,31,24,0,7,1,0,1,1,0,2,1,2,0,13,15,4,4,0,47,11,0,1,2,0,1,0,0,0,1,1,1,8,35,3,2,0,30,7,0,1,1,0,0,0,0,2,3,1,0,11,13,16,0,0,36,9,0,3,1,0,0,0,1,0,3,2,1,8,22,2,3,0,12,19,0,4,4,1,0,0,0,1,1,1,1,7,26,3,0,0,16,13,0,2,2,0,0,0,0,4,1,2,2,12,23,5,3,1,16,25,0,2,4,0,0,0,0,1,1,0,4,7,34,1,3,1,17,25,0,2,6,0,0,0,0,1,1,0,1,3,52,8,1,2,10,14,0,3,0,1,0,2,0,4,0,1,4,16,36,2,2,1,10,11,0,4,2,4,0,0,0,1,5,0,3,12,17,2,3,0,16,22,0,5,4,0,1,0,0,3,1,4,1,11,19,1,3,1,20,11,0,3,2,4,0,0,1,1,3,2,1,15,21,1,1,1,16,17,0,6,2,0,0,0,0,4,0,5,2,25,20,0,0,0,15,26,0,4,2,0,0,0,0,12,3,1,2,10,16,1,0,0,19,18,0,6,4,4,0,0,0,6,0,1,5,3,29,0,1,0,12,25,0,1,0,1,0,0,0,0,1,3,2,13,9,1,1,0,7,10,0,7,1,1,1,0,0,3,1,0,3,3,12,0,0,0,0,13
Gungahlin ,PALMERSTON,0,1,0,0,0,0,0,2,0,0,1,15,3,1,1,0,13,20,0,3,4,0,0,0,0,5,0,0,1,7,8,5,4,0,16,8,0,2,0,0,0,0,0,1,0,0,1,6,21,3,4,1,14,2,0,3,1,0,0,0,0,1,0,1,0,7,13,4,3,0,29,8,0,2,1,0,0,1,0,8,0,0,5,6,24,2,1,2,17,17,0,1,3,0,0,0,0,4,0,1,1,8,15,5,2,0,17,13,0,0,0,1,0,0,1,7,0,0,3,5,10,7,4,0,8,4,0,4,2,0,0,0,0,4,0,0,1,8,15,1,2,0,9,24,0,8,2,0,0,0,0,2,0,0,2,7,20,6,4,0,9,10,0,1,2,0,0,0,0,4,0,0,4,4,29,0,4,0,17,15,0,3,4,0,0,0,0,0,1,0,5,13,30,1,0,2,9,14,0,9,0,0,1,0,0,4,0,0,3,19,24,3,6,2,18,6,0,3,1,1,0,0,0,3,1,0,2,23,19,5,4,2,7,24,0,2,3,0,2,1,0,1,0,0,1,11,20,1,0,0,9,5,0,5,5,1,0,1,1,9,0,2,3,31,27,1,2,0,16,13,0,6,8,0,1,0,0,11,0,2,2,44,15,4,0,0,11,22,0,4,0,1,0,0,1,1,0,0,2,4,22,0,0,0,0,7,0,5,1,0,0,0,0,2,0,0,1,11,25,0,0,0,0,11
Gungahlin ,TAYLOR,0,0,0,0,0,0,0,0,0,0,0,0,0,0,0,0,0,0,0,0,0,0,0,0,0,0,0,0,0,0,0,0,0,0,0,0,0,0,0,0,0,0,0,0,0,0,0,0,0,2,0,0,0,0,0,0,0,0,0,0,0,0,0,0,0,0,0,0,0,0,0,0,0,0,0,0,0,0,0,0,0,0,0,0,0,0,0,0,0,0,0,0,0,0,0,0,0,0,0,0,0,0,0,1,0,0,0,0,0,0,0,0,0,0,0,0,0,0,0,0,0,0,0,0,0,0,0,0,0,0,0,0,0,0,0,0,0,0,0,3,0,0,1,0,0,0,0,0,0,0,0,0,0,0,0,0,0,1,0,0,0,0,0,0,0,0,0,0,0,0,0,0,0,0,0,2,0,0,0,0,0,0,0,0,0,0,0,0,0,0,0,0,0,9,1,0,0,0,0,0,0,0,0,0,0,0,0,0,0,0,0,0,0,0,0,0,0,0,0,0,0,0,0,0,0,0,0,0,0,0,0,0,0,0,0,0,0,0,0,0,0,0,0,0,0,0,0,10,0,0,6,0,0,0,0,0,0,0,0,0,0,0,0,0,0,1,0,0,0,0,0,0,0,0,0,0,0,0,0,0,0,0,0,0,0,0,1,0,0,0,0,0,0,0,0,0,0,0,0,0,0,0,0,0,0,0,0,0,0,0,0,0,0,0,0,0,0,0,0,0,0,0,0,2
Gungahlin ,THROSBY,0,0,0,0,0,0,0,0,0,0,0,0,0,0,0,0,0,0,0,0,0,0,0,0,0,0,0,0,0,0,0,0,0,0,1,0,0,0,0,0,0,0,0,0,0,0,0,0,0,0,0,0,2,0,0,0,0,0,0,0,0,0,0,0,0,0,1,0,0,0,0,0,0,0,0,0,0,0,0,0,0,0,0,0,2,2,0,0,0,0,0,0,0,0,0,0,0,0,0,0,0,0,0,0,0,0,0,0,0,0,0,0,0,0,0,0,0,0,0,0,0,0,0,0,0,0,0,0,0,0,0,0,0,0,0,0,0,0,0,0,0,0,0,0,0,0,0,0,0,0,0,0,0,0,0,0,0,5,0,0,1,1,0,0,0,0,0,0,0,0,0,0,0,2,1,2,0,0,0,1,0,0,0,0,0,0,0,0,0,0,0,0,1,0,0,0,2,0,0,0,0,0,0,0,0,0,0,0,0,0,1,1,0,0,5,1,0,0,0,0,0,0,0,0,0,0,0,2,0,0,0,0,8,1,0,0,0,0,0,0,0,0,0,1,0,1,0,1,0,0,1,0,0,0,0,0,0,0,0,0,0,1,1,2,3,3,0,0,7,1,0,0,0,0,0,0,0,0,0,0,0,0,0,2,0,0,3,2,0,0,0,0,0,0,0,1,0,0,0,1,0,2,0,0,0,4,0,0,0,0,0,0,0,0,0,0,1,0,0,0,0,0,0,3
Molonglo Valley,COOMBS,0,0,0,0,0,0,0,0,0,1,0,0,0,0,0,0,0,1,0,0,0,0,0,0,0,0,0,0,0,0,1,0,0,0,0,1,0,0,0,0,0,0,0,0,0,0,0,1,1,1,0,0,0,3,0,0,0,0,0,0,0,0,0,0,0,0,0,0,0,0,0,0,0,0,0,0,0,0,0,1,0,1,0,1,1,4,0,0,4,4,0,0,0,0,0,0,0,3,0,2,0,0,0,0,0,0,0,3,0,0,0,0,0,0,0,0,0,0,0,0,0,8,0,0,6,3,0,0,0,0,0,0,0,2,0,3,0,2,4,6,1,1,2,10,0,0,0,0,0,0,0,10,0,6,0,3,5,6,0,0,3,10,0,0,1,0,0,0,0,2,0,3,2,3,2,2,0,0,0,8,0,0,1,0,0,0,0,8,0,1,3,2,3,4,1,0,0,9,0,1,0,0,4,0,0,3,0,1,0,1,3,0,0,0,4,10,0,3,0,0,2,0,0,0,0,0,1,3,10,6,0,0,1,2,0,5,1,0,1,0,0,8,0,1,5,4,8,3,1,1,2,21,0,0,1,1,0,0,0,6,0,5,3,17,42,7,0,0,9,28,0,6,3,0,0,0,0,6,0,1,6,10,29,9,1,0,6,27,0,1,0,0,0,1,0,2,0,2,1,4,12,0,0,0,1,13,0,2,1,0,2,0,0,2,0,2,5,8,26,0,0,0,0,24
Molonglo Valley,DENMAN PROSPECT,0,0,0,0,0,0,0,0,0,0,0,0,0,0,0,0,0,0,0,0,0,0,0,0,0,0,0,0,0,0,0,0,0,0,0,0,0,0,0,0,0,0,0,0,0,0,0,0,0,0,0,0,0,0,0,0,0,0,0,0,0,0,0,0,0,0,0,0,0,0,0,0,0,0,0,0,0,0,0,0,0,0,0,0,0,0,0,0,0,0,0,0,0,0,0,0,0,0,0,0,0,0,0,0,0,0,0,0,0,0,0,0,0,0,0,0,0,0,0,0,1,1,0,0,0,0,0,0,0,0,0,0,0,0,0,0,0,0,1,0,0,0,0,0,0,0,0,0,0,0,0,0,0,0,0,0,0,0,0,0,0,0,0,0,0,0,0,0,0,0,0,0,0,1,0,0,0,0,1,0,0,0,0,0,0,0,0,0,0,1,0,2,0,2,0,0,2,0,0,0,0,0,0,0,0,0,0,0,0,0,0,3,0,0,2,2,0,0,0,0,0,0,0,0,0,0,0,1,0,1,1,0,2,0,0,0,0,0,0,0,0,3,0,1,1,1,1,2,0,0,5,3,0,0,0,0,0,0,0,1,0,0,1,4,2,6,0,0,11,1,0,1,1,0,0,0,0,0,0,1,1,1,3,10,0,0,9,2,0,0,0,0,0,0,0,2,0,0,0,3,8,0,0,0,0,3,0,0,0,0,0,0,0,1,0,1,0,2,1,0,0,0,0,0
Molonglo Valley,MOLONGLO,0,0,0,0,0,0,0,0,0,0,0,0,0,0,0,0,0,0,0,0,0,0,0,0,0,0,0,0,0,0,0,1,0,0,0,0,0,0,0,0,0,0,0,0,0,0,0,0,0,6,0,0,1,0,0,0,0,0,0,0,0,0,0,0,0,0,0,0,0,0,0,0,0,0,0,0,0,0,0,0,0,0,0,0,0,0,0,0,0,0,0,0,0,0,0,0,0,0,0,0,0,0,0,0,0,0,0,0,0,0,0,0,0,0,0,0,0,0,0,0,0,3,0,0,0,0,0,0,0,0,0,0,0,0,0,0,0,0,0,0,0,0,5,0,0,0,0,0,0,0,0,0,0,0,0,0,0,1,0,0,0,0,0,0,0,0,0,0,0,0,0,0,0,0,0,0,0,0,1,0,0,0,0,0,0,0,0,0,0,0,0,0,0,2,0,0,1,0,0,0,0,0,0,0,0,0,0,0,0,0,0,0,1,0,0,0,0,0,0,0,0,0,0,0,0,0,0,0,0,1,1,0,2,0,0,0,0,0,0,0,0,0,0,0,0,0,0,0,0,0,1,0,0,0,0,0,0,0,0,0,0,0,0,0,0,0,0,0,1,0,0,0,0,0,0,0,0,0,0,0,0,0,0,2,1,0,0,0,0,0,0,0,0,0,0,0,0,0,0,0,2,0,0,0,0,0,0,0,0,0,0,0,0,0,0,0,0,0,0,0,0,0,0,0
Molonglo Valley,WRIGHT,0,0,0,0,0,0,0,0,0,1,0,2,1,1,0,0,2,4,0,0,0,0,0,0,0,2,0,0,0,0,3,0,1,1,2,3,0,0,6,0,0,0,0,2,0,0,0,2,2,1,1,0,2,6,0,0,0,0,1,0,0,3,0,1,0,3,2,0,1,0,2,5,0,0,0,0,0,0,0,0,0,3,2,4,5,3,1,0,3,13,0,0,0,0,0,0,0,2,0,1,0,5,9,4,2,0,7,10,0,1,0,0,3,0,0,5,0,2,2,23,3,23,0,0,12,31,0,0,0,0,0,0,0,4,0,1,1,6,5,9,0,0,8,9,0,1,0,0,1,0,0,3,0,3,0,8,4,2,1,0,2,13,0,1,1,0,0,0,0,9,0,7,2,12,18,6,0,0,7,24,0,6,0,0,0,0,0,7,0,6,7,25,11,11,0,0,15,21,0,2,0,1,2,0,0,1,0,1,0,8,4,5,0,0,11,7,0,1,0,0,1,0,0,6,0,1,9,20,18,7,3,0,4,22,0,1,1,0,0,0,0,9,0,2,2,10,2,7,2,0,4,28,0,1,0,0,0,0,0,7,0,2,3,15,4,7,0,0,6,46,0,1,2,0,0,0,0,5,0,2,2,5,8,2,0,0,6,25,0,0,0,0,1,0,0,3,0,0,1,4,5,0,1,0,2,12,0,0,0,0,0,0,0,3,0,1,2,2,3,0,0,0,0,15
North Canberra,ACTON,0,0,0,1,0,0,0,1,3,4,0,7,22,30,5,1,43,19,0,2,0,0,1,0,0,1,2,0,1,6,23,40,6,1,40,26,0,1,0,1,1,0,0,1,0,1,2,5,22,35,11,1,50,34,0,0,1,0,0,0,0,0,2,2,3,6,24,13,8,0,34,28,0,0,4,2,0,0,0,0,0,3,1,8,23,16,9,1,29,18,0,0,5,2,0,0,0,1,2,16,2,24,17,7,3,0,23,40,0,0,3,2,1,0,0,0,0,1,0,7,13,17,9,2,32,28,0,0,4,2,1,0,0,0,0,1,1,37,18,31,5,0,36,44,0,0,3,1,0,0,0,0,0,1,0,5,38,34,8,3,40,22,0,0,2,1,1,0,0,0,1,7,9,24,24,17,11,0,19,36,0,1,2,0,2,0,0,0,2,5,3,18,28,26,16,2,48,22,0,1,2,3,0,0,3,0,0,1,2,8,22,33,5,0,55,18,0,1,1,0,0,0,0,0,0,2,2,20,17,19,7,0,47,30,0,2,1,4,0,0,0,0,0,9,0,21,24,37,21,2,35,29,4,2,11,0,0,0,0,0,1,0,3,10,19,34,8,1,35,14,0,1,1,0,1,0,0,1,0,4,2,12,45,31,11,2,38,24,0,0,5,1,0,1,0,0,0,0,5,19,18,3,1,0,8,19,0,1,1,0,0,0,0,0,1,2,2,9,40,0,0,0,0,24
North Canberra,AINSLIE,0,5,1,0,0,0,1,7,1,1,1,12,15,5,1,0,14,22,0,1,1,1,0,0,1,10,0,2,1,10,18,8,2,0,20,29,0,0,5,0,0,0,0,6,0,0,3,18,47,6,5,1,22,24,0,2,1,0,0,0,0,13,0,0,3,18,34,3,2,2,22,24,0,1,5,1,0,0,0,9,2,2,3,34,18,1,0,1,12,32,0,1,1,1,0,0,0,7,0,1,4,16,14,3,0,1,10,27,0,8,4,0,0,0,0,9,2,1,2,23,24,8,5,0,14,33,0,2,2,2,0,0,1,5,0,1,3,25,24,4,0,1,22,32,0,1,6,1,1,0,0,0,1,0,1,12,27,5,0,0,13,17,0,1,4,1,0,0,0,8,0,1,4,10,15,5,0,0,15,26,0,2,7,1,0,0,0,5,0,1,3,14,25,7,2,0,14,15,0,1,6,2,2,0,1,17,1,2,4,19,14,2,0,0,8,24,0,3,6,8,0,0,0,16,1,4,4,18,24,3,2,0,16,35,0,7,7,2,0,0,0,10,0,0,3,18,26,4,1,0,18,27,0,3,6,0,0,0,2,5,0,1,3,21,140,2,1,0,15,24,0,7,7,1,1,0,0,8,0,4,5,21,28,0,1,0,17,31,0,3,4,0,0,0,0,7,1,0,3,22,25,1,0,0,2,35,0,2,4,0,0,0,0,14,0,3,3,14,25,0,0,0,0,46
North Canberra,BLACK MOUNTAIN,0,0,0,0,0,0,0,0,0,0,0,0,0,0,0,0,0,0,0,0,0,0,0,0,0,0,0,0,0,0,0,0,0,0,0,0,0,0,0,0,0,0,0,0,0,0,0,0,0,0,0,0,0,0,0,0,0,0,0,0,0,0,0,0,0,0,0,0,0,0,0,0,0,0,0,0,0,0,0,0,0,0,0,0,0,0,0,0,0,0,0,0,0,0,0,0,0,0,0,0,0,0,0,0,0,0,0,0,0,0,0,0,0,0,0,0,0,0,0,0,0,0,0,0,0,0,0,0,0,0,0,0,0,0,0,0,0,0,0,0,0,0,0,0,0,0,0,0,0,0,0,0,0,0,0,0,0,0,0,0,0,0,0,0,0,0,0,0,0,0,0,0,0,0,0,0,0,0,0,0,0,0,0,0,0,0,0,0,0,0,0,0,0,0,0,0,0,0,0,0,0,0,0,0,0,0,0,0,0,0,0,0,0,0,0,0,0,0,0,0,0,0,0,0,0,0,0,0,0,0,0,0,0,0,0,0,0,0,0,0,0,0,0,0,0,0,0,0,0,0,0,0,0,0,0,0,0,0,0,0,0,0,0,0,0,0,0,0,0,0,0,0,0,0,0,0,0,0,0,0,0,0,0,0,0,0,0,0,0,0,0,0,0,0,0,0,0,0,0,0,0,0,0,0,0,0,0,0,0,0,0,0,0,0,0,0,0,0,0,0,0,0,0,0
North Canberra,BRADDON,0,9,9,3,0,1,0,7,0,2,5,19,56,8,8,1,54,66,0,3,10,3,0,2,0,9,0,5,9,39,53,4,12,3,52,86,0,5,12,2,1,3,1,13,1,5,11,52,101,6,6,2,50,98,0,9,12,3,0,2,4,11,2,7,9,39,97,2,3,2,59,111,0,4,13,1,1,2,2,17,0,3,12,34,82,0,7,2,38,106,0,3,8,3,0,3,1,9,1,10,8,55,79,11,9,1,42,102,0,4,11,0,0,2,3,12,1,5,9,52,81,5,4,0,60,109,0,3,7,0,0,1,1,17,5,5,10,52,69,5,6,0,37,89,0,8,14,1,3,1,1,19,2,5,14,36,80,6,1,4,87,96,0,14,9,4,0,1,1,18,3,3,12,55,96,6,7,0,49,103,0,1,4,2,1,2,1,11,2,6,10,38,58,4,10,6,51,58,0,2,7,1,0,3,1,12,0,5,5,28,34,9,5,2,38,53,0,6,11,2,3,0,0,11,0,3,10,40,43,2,7,2,62,56,0,4,5,4,1,0,1,7,1,8,8,39,27,3,8,1,48,76,0,1,9,2,0,1,0,6,2,4,10,25,50,16,6,1,26,57,0,1,6,3,1,0,0,11,0,4,11,23,41,25,4,1,44,71,0,0,9,0,0,1,0,8,2,6,11,16,47,5,1,1,25,43,0,2,5,0,2,6,0,12,0,10,7,34,41,0,0,0,0,65
North Canberra,CAMPBELL,0,2,3,5,0,0,1,3,0,3,0,14,10,4,2,0,11,14,0,0,2,1,0,1,1,7,0,0,2,7,13,7,1,0,11,17,0,1,4,3,0,0,0,9,0,0,2,15,22,10,1,0,17,25,0,2,4,0,0,0,0,10,0,2,4,13,33,4,0,0,13,22,0,1,1,0,1,0,0,1,0,0,0,17,8,5,0,0,7,9,0,2,1,0,1,0,0,3,1,8,3,12,4,2,1,0,16,20,0,0,0,6,0,0,0,2,3,2,3,8,20,10,0,0,14,16,0,0,1,1,0,0,0,1,3,1,1,9,7,3,1,0,11,18,0,2,4,1,0,0,0,2,0,0,2,7,8,4,3,0,6,14,0,2,2,2,0,0,0,2,1,0,8,6,12,14,1,0,14,11,0,0,1,3,0,0,1,0,0,2,3,7,26,7,1,0,16,12,0,2,0,0,0,0,0,5,0,2,1,9,7,3,1,0,14,10,0,0,3,1,0,0,0,6,2,2,1,18,14,4,1,1,14,14,0,0,2,4,0,0,0,4,1,2,1,6,13,10,1,0,10,9,0,0,3,1,0,0,1,4,0,1,1,8,19,4,0,0,12,5,0,1,5,0,0,0,0,4,0,3,3,5,29,8,1,0,9,19,0,1,2,5,1,0,0,3,1,2,1,13,8,2,0,0,0,15,0,1,4,1,1,0,0,13,0,2,4,17,12,0,0,0,0,17
North Canberra,CITY,0,4,76,7,1,3,5,0,3,4,2,40,605,18,9,1,265,421,0,8,66,8,1,1,3,0,3,8,2,48,265,14,21,2,298,163,0,4,59,4,2,1,2,0,4,9,3,50,281,15,17,7,347,140,0,9,60,9,0,0,2,1,3,7,4,35,210,17,16,2,227,124,0,5,89,9,4,1,4,2,1,10,6,33,274,12,15,4,131,136,0,3,130,5,1,8,1,0,2,10,22,42,289,8,9,3,327,168,0,9,89,4,3,0,4,2,6,11,3,35,258,19,16,4,256,194,0,10,111,2,3,1,5,12,5,11,4,53,244,13,13,0,178,163,0,3,96,8,6,0,2,0,4,11,7,43,279,5,16,1,172,156,0,4,99,9,3,2,4,0,6,6,5,49,256,15,18,2,175,195,0,5,104,12,6,4,9,6,4,3,7,36,323,20,46,2,194,167,0,12,149,7,1,1,7,0,0,2,6,46,335,7,31,6,197,155,0,12,115,26,10,2,3,5,1,3,13,71,360,9,63,3,187,176,0,3,97,12,14,0,7,3,1,6,8,42,398,21,62,7,214,161,0,8,85,6,3,1,2,0,8,7,7,42,349,8,34,1,194,171,0,8,98,11,4,1,5,0,2,5,14,33,366,44,31,10,191,167,0,13,110,10,6,2,2,1,2,5,5,49,313,0,11,0,67,148,0,4,86,12,4,0,4,9,6,2,3,42,337,0,0,0,0,152
North Canberra,DICKSON,0,2,6,0,0,1,0,2,0,3,3,8,53,5,3,2,80,65,0,6,3,0,0,0,1,8,3,7,2,23,50,3,4,3,95,72,0,4,9,0,0,0,0,6,1,6,1,15,66,2,2,3,70,58,0,1,10,1,0,0,1,3,4,3,3,30,43,4,4,2,64,58,0,4,3,1,1,0,1,3,2,3,1,12,38,3,4,0,57,75,0,2,4,2,0,0,0,3,3,6,4,18,61,3,1,0,34,70,0,1,4,2,1,0,1,11,0,2,3,16,35,11,0,2,35,65,0,9,8,0,0,0,3,8,6,3,4,30,48,0,3,1,44,62,0,3,6,3,0,1,1,1,2,2,1,11,38,2,3,1,50,47,0,2,5,0,0,1,1,5,0,2,5,7,44,1,4,5,32,49,0,4,2,0,0,1,0,2,3,1,4,7,50,6,12,1,68,39,0,5,2,0,0,0,6,4,1,3,3,13,56,7,11,3,48,34,0,4,3,2,0,0,1,7,8,9,6,17,39,13,9,0,60,49,0,1,9,2,1,2,0,3,1,3,6,19,41,11,3,1,67,36,0,2,10,2,0,0,1,10,5,1,11,21,51,2,4,0,50,38,0,0,4,0,1,1,0,6,4,1,3,14,61,7,4,0,20,56,0,0,11,0,1,1,0,2,3,4,1,16,38,0,0,0,11,41,0,7,5,2,1,0,1,2,0,5,4,12,34,0,0,0,0,40
North Canberra,DOWNER,0,1,0,0,0,0,0,7,0,0,1,7,14,8,1,0,9,14,0,1,0,0,1,0,0,4,0,0,0,5,7,4,0,0,13,12,0,0,0,0,0,0,0,4,0,0,1,3,1,1,4,0,6,8,0,0,0,0,0,0,0,3,0,0,1,2,15,6,0,0,7,8,0,2,2,0,0,0,0,1,0,1,2,10,19,2,1,1,4,8,0,0,2,0,0,0,0,3,0,0,1,2,14,1,1,0,8,9,0,0,1,0,0,0,0,6,0,1,1,6,4,2,0,0,3,9,0,2,0,2,0,0,0,3,0,0,2,7,12,0,2,0,0,9,0,1,0,2,1,0,0,1,0,2,1,9,4,0,1,0,1,12,0,5,1,1,0,0,0,3,0,0,0,8,12,0,3,0,11,6,0,2,1,0,0,0,0,5,0,0,0,6,5,7,0,0,5,6,0,3,4,0,1,0,0,4,0,0,1,7,8,2,2,0,9,11,0,0,6,1,0,0,1,3,0,0,1,9,10,1,0,0,1,9,0,1,1,1,0,0,0,3,0,0,2,10,5,1,0,0,5,8,0,6,0,0,0,0,0,2,0,1,1,4,15,6,0,0,4,6,0,0,0,1,0,0,0,7,0,1,0,4,13,7,0,0,6,11,0,2,0,0,0,0,0,3,0,0,0,3,5,0,0,0,0,8,0,1,1,0,0,0,0,6,0,2,3,4,8,0,0,0,0,13
North Canberra,DUNTROON,0,0,0,0,0,0,0,0,0,0,0,0,0,1,1,0,0,0,0,0,0,0,0,0,0,0,0,0,0,0,0,2,1,0,0,0,0,0,0,0,0,0,0,0,0,0,0,0,0,0,2,0,4,0,0,0,0,0,0,0,0,0,0,0,0,0,0,1,0,0,1,0,0,0,0,0,0,0,0,0,0,0,0,0,0,1,0,0,3,0,0,0,0,0,0,0,0,0,0,0,0,0,0,6,1,0,5,0,0,0,0,0,0,0,0,0,0,0,0,0,0,1,2,0,1,0,0,0,0,0,0,0,0,0,0,0,0,0,0,8,0,0,2,0,0,0,0,0,0,0,0,0,0,0,0,0,0,17,0,0,3,0,0,0,0,0,0,0,0,0,0,0,0,0,0,23,0,0,6,0,0,0,0,0,0,0,0,0,0,0,0,0,0,4,1,1,4,0,0,0,0,0,0,0,0,0,0,0,0,0,0,4,1,0,4,0,0,0,0,0,0,0,0,0,0,0,0,0,0,4,1,0,1,0,0,0,0,0,0,0,0,0,0,0,0,0,0,1,0,0,0,0,0,0,0,0,0,0,0,0,0,0,0,0,0,4,1,0,2,0,0,0,0,0,0,0,0,0,0,0,0,0,0,1,1,0,1,0,0,0,0,0,0,0,0,0,0,0,0,0,0,1,0,0,0,0,0,0,0,0,0,0,0,0,0,0,0,0,0,0,0,0,0,0
North Canberra,HACKETT,0,1,0,0,0,0,0,4,0,0,0,5,6,0,0,0,2,7,0,0,1,0,0,0,0,1,0,1,3,1,9,0,0,0,1,9,0,0,0,0,0,0,0,2,0,0,1,6,3,1,1,0,2,8,0,1,2,0,0,0,1,4,0,0,4,6,9,0,0,0,1,7,0,1,0,0,0,0,0,2,0,0,0,3,3,0,1,0,2,5,0,0,0,1,0,2,0,0,0,0,0,1,1,0,0,0,0,6,0,4,1,0,0,0,0,1,0,0,1,4,6,0,0,0,7,6,0,0,1,0,0,1,0,0,0,0,0,12,7,0,0,0,0,24,0,1,1,0,2,0,0,1,0,0,0,5,69,0,0,0,5,11,0,0,1,0,0,0,0,2,0,1,1,4,8,0,0,0,1,9,0,1,1,0,0,0,0,2,1,0,0,2,4,0,0,0,3,4,0,1,1,0,1,0,1,4,0,0,3,7,7,1,0,0,5,8,0,0,0,1,0,0,0,8,0,0,8,12,24,0,0,0,3,25,0,1,1,0,0,0,0,0,0,0,0,5,4,0,0,0,6,7,0,1,0,1,1,0,0,1,0,0,4,2,5,0,0,0,8,7,0,0,0,0,0,0,0,1,0,1,1,8,3,0,0,0,0,6,0,0,2,0,0,0,0,9,0,1,2,9,20,0,0,0,0,17,0,0,0,3,0,0,0,1,0,2,1,2,5,0,0,0,0,7
North Canberra,LYNEHAM,0,3,9,0,0,0,0,6,1,4,5,16,59,13,6,5,77,51,0,6,3,1,1,1,0,15,4,11,2,19,42,13,2,0,58,69,0,6,7,3,0,0,0,11,1,0,3,21,37,20,7,1,90,30,0,1,11,1,0,0,0,10,0,4,8,14,95,8,5,3,65,53,0,5,6,1,1,1,1,7,0,2,5,15,34,2,8,0,42,55,0,0,1,2,0,1,0,3,4,3,5,16,33,1,2,0,35,49,0,0,3,1,1,0,0,5,3,1,3,17,27,7,3,1,72,39,0,1,10,1,0,0,1,15,2,6,5,22,43,3,3,1,30,68,0,0,3,0,0,0,0,4,2,3,5,18,24,7,4,0,50,38,0,5,11,3,2,2,1,4,0,1,1,12,41,5,4,2,39,58,0,0,6,1,0,0,0,6,1,3,8,20,35,14,6,0,40,49,0,6,4,1,0,1,0,4,1,3,8,14,66,17,3,0,40,27,0,3,6,0,1,0,0,10,3,3,9,21,40,17,9,0,57,66,0,1,7,10,2,0,0,20,1,1,3,26,32,6,8,2,23,35,0,1,2,1,1,1,0,14,0,2,10,21,22,12,2,0,74,49,0,5,3,2,0,0,0,14,0,7,3,11,34,17,2,0,24,46,0,4,6,0,0,1,1,6,2,5,6,27,35,7,0,2,12,38,0,3,5,2,0,1,0,6,1,12,10,14,43,0,0,0,0,49
North Canberra,MAJURA,0,0,0,0,0,0,0,0,0,0,0,1,27,46,9,2,56,4,0,0,0,0,0,0,0,0,0,0,0,2,7,34,24,0,58,4,0,0,0,0,0,0,0,0,0,1,0,2,12,51,4,0,35,34,0,0,1,1,0,0,0,0,1,0,0,4,12,31,5,0,33,3,0,0,0,0,0,0,0,0,0,0,1,2,91,36,2,0,20,2,0,0,0,0,0,0,0,1,0,3,3,0,12,15,6,1,24,11,0,0,0,0,0,0,0,0,0,2,1,1,7,78,0,0,48,7,0,1,0,0,0,0,0,0,0,1,1,4,22,33,4,1,33,8,0,0,0,0,0,0,0,0,0,0,0,1,8,45,4,1,38,8,0,0,1,0,0,0,0,0,0,0,0,0,9,21,1,1,22,5,0,0,0,1,0,0,0,0,0,1,1,1,13,51,3,1,27,5,0,0,0,0,1,0,0,0,0,0,0,0,13,26,1,1,41,3,0,0,0,0,0,0,0,0,0,0,0,3,12,14,4,0,16,3,0,0,0,0,0,0,0,0,0,0,0,6,15,34,2,0,16,5,0,0,0,0,0,0,0,0,0,0,0,1,7,56,3,2,39,3,0,0,0,0,0,0,0,0,0,0,0,1,20,79,4,0,29,6,0,0,0,0,0,1,0,0,1,0,0,4,6,11,1,0,6,4,0,1,0,0,0,0,0,0,0,0,1,0,5,0,0,0,0,3
North Canberra,O'CONNOR,0,1,4,0,0,0,1,6,0,0,2,13,19,66,0,1,30,11,0,1,1,0,1,0,0,9,0,6,0,14,25,23,2,0,29,23,0,0,3,1,1,0,0,7,0,0,1,8,11,31,5,1,24,17,0,3,4,1,1,0,0,9,1,4,1,6,9,19,0,0,16,18,0,0,1,2,0,0,0,7,0,1,3,13,17,11,4,2,32,22,0,0,2,0,0,0,0,2,1,1,2,25,11,10,3,1,18,24,0,1,2,0,0,0,0,6,1,1,2,10,23,17,6,0,23,20,0,5,2,0,0,0,3,0,0,1,3,28,18,3,1,0,15,21,0,5,0,0,0,0,0,10,0,0,1,9,14,3,0,0,19,17,0,0,2,0,0,0,0,15,0,1,2,7,15,12,2,1,13,30,0,3,1,0,0,0,0,7,0,0,2,10,24,13,4,0,20,20,0,0,1,0,0,0,0,4,0,2,2,14,16,12,4,0,28,14,0,1,4,2,1,0,0,11,0,4,9,7,31,17,6,1,34,30,0,4,1,2,1,0,0,13,0,1,7,20,25,7,8,1,29,32,0,1,2,0,0,0,0,4,0,1,10,16,25,6,6,1,16,24,0,1,9,1,0,0,0,10,0,1,5,13,14,3,7,0,17,22,0,6,1,0,1,1,1,14,0,2,2,12,22,1,2,0,5,25,0,0,2,2,0,0,0,2,1,0,3,8,34,0,0,0,0,13
North Canberra,PARKES,0,0,1,1,0,0,0,0,0,0,2,10,23,6,3,0,12,15,0,0,0,0,0,0,0,0,1,0,0,13,14,2,0,0,14,15,0,0,2,2,0,0,0,0,0,1,2,3,11,8,0,0,11,10,0,0,0,0,0,0,0,0,0,0,2,6,10,18,2,0,18,8,0,1,1,0,0,1,0,0,0,0,0,2,22,5,0,0,9,6,0,0,0,2,0,0,0,0,0,3,0,11,13,5,2,0,8,16,0,0,2,0,0,0,0,0,0,1,1,8,8,11,3,0,10,10,0,0,0,0,0,0,0,0,2,1,2,20,10,4,3,0,5,25,0,1,4,0,0,0,0,0,0,0,0,2,19,8,1,0,9,7,0,0,2,0,1,1,0,1,1,1,2,11,15,2,1,0,5,9,0,1,1,1,0,0,0,0,0,1,0,4,20,6,3,0,23,4,0,1,1,0,0,0,0,0,0,1,1,2,16,3,2,0,9,5,0,0,2,1,1,0,0,0,0,0,0,8,15,3,1,1,5,7,0,1,0,1,1,0,0,0,0,1,1,2,15,4,1,0,6,6,0,0,2,0,0,0,0,0,0,0,0,4,8,3,1,1,5,4,0,1,2,1,0,0,0,0,1,0,2,1,10,2,1,0,7,10,0,0,4,1,1,0,0,0,0,0,3,7,9,0,0,0,1,3,0,0,0,0,0,0,0,0,0,1,0,4,3,0,0,0,0,6
North Canberra,REID,0,2,6,2,0,1,0,3,0,1,5,9,33,2,0,0,17,19,0,0,1,1,0,0,0,7,0,0,2,11,18,1,0,0,21,17,0,0,1,1,0,0,0,9,0,1,2,14,26,2,2,0,26,23,0,1,4,0,0,2,0,5,0,2,6,11,31,4,4,1,17,13,0,1,2,2,1,0,0,10,0,0,7,22,30,4,1,1,21,27,0,0,6,0,1,0,0,11,0,2,5,17,32,6,0,0,18,17,0,1,3,0,0,0,1,2,0,1,1,6,18,3,2,0,37,16,0,3,4,2,0,0,0,7,0,12,2,13,13,4,2,0,11,28,0,2,2,13,1,1,0,5,0,2,5,12,31,3,3,1,19,15,0,2,6,0,0,2,0,3,0,3,10,20,24,0,0,0,22,23,0,1,3,0,0,0,0,11,0,0,3,16,26,1,2,0,19,23,0,4,5,2,1,1,0,11,0,2,4,26,44,1,1,1,22,27,0,1,6,0,1,1,2,12,0,3,6,24,47,4,2,1,23,38,0,0,6,0,0,0,0,4,0,0,2,12,45,8,2,0,35,16,0,6,4,14,7,0,0,4,0,0,2,12,50,3,1,0,18,16,0,3,5,0,0,0,2,10,0,1,5,17,27,3,1,1,13,32,0,3,5,1,0,1,1,5,0,0,2,7,25,2,0,0,4,19,0,0,4,3,0,0,0,3,0,0,3,8,26,0,0,0,0,13
North Canberra,RUSSELL,0,0,0,0,0,0,0,0,0,0,1,2,18,3,1,1,6,3,0,0,0,0,2,0,0,0,0,0,0,0,3,9,1,1,11,0,0,0,0,0,0,0,0,0,0,1,0,1,5,5,0,0,11,2,0,0,0,0,0,0,0,0,0,0,2,2,4,6,5,0,6,1,0,0,0,0,0,0,0,0,0,0,0,0,7,5,4,1,16,0,0,0,0,0,0,0,0,0,0,0,0,1,4,1,1,0,9,0,0,0,0,0,0,0,0,0,0,0,0,0,12,5,5,0,5,8,0,0,0,0,0,0,0,0,0,0,1,7,1,1,3,0,3,3,0,0,3,0,0,0,0,0,0,1,0,4,4,3,3,0,13,0,0,0,0,0,0,0,0,0,0,0,2,4,4,6,1,0,8,2,0,0,0,1,0,0,0,0,0,0,0,1,5,13,3,0,8,3,0,0,0,3,0,0,0,0,0,0,1,1,8,10,0,0,19,3,0,0,0,0,0,0,0,0,0,0,0,0,2,9,0,1,10,3,0,0,0,0,0,0,0,0,0,1,1,1,7,6,2,0,15,2,0,0,0,2,0,0,0,0,0,0,0,0,3,10,4,0,13,2,0,0,0,1,0,0,0,0,0,1,0,2,6,18,5,0,9,2,0,0,0,1,0,0,0,0,0,0,0,1,6,19,0,0,3,1,0,0,0,0,0,0,0,0,0,0,0,0,5,0,0,0,0,0
North Canberra,TURNER,0,2,0,1,0,0,1,6,0,8,0,13,23,15,3,1,22,26,0,2,1,0,0,0,0,5,0,2,4,15,17,15,1,0,25,16,0,2,3,0,0,1,0,6,0,2,2,14,20,20,7,1,22,22,0,2,3,2,0,0,0,7,2,2,3,8,20,3,10,2,13,20,0,0,3,0,0,0,1,4,0,2,4,21,38,19,2,1,30,17,0,3,3,0,1,2,0,9,1,2,3,27,17,8,3,0,26,43,0,3,4,1,0,0,0,6,0,2,2,20,21,8,4,0,24,33,0,1,0,0,0,0,0,5,1,4,0,23,17,6,2,1,17,37,0,2,3,0,0,1,1,3,0,2,4,9,12,11,4,0,14,24,0,3,1,2,0,0,1,9,1,5,4,14,22,7,3,0,20,22,0,1,0,1,0,0,0,5,0,9,4,14,10,5,12,0,22,21,0,1,0,2,0,0,0,7,0,1,4,8,11,6,5,0,18,30,0,1,4,0,1,0,0,7,0,3,5,18,9,5,11,1,19,17,0,2,3,1,0,0,0,6,1,3,7,20,8,2,6,0,20,27,0,9,1,0,0,0,0,9,0,1,4,16,11,4,4,0,11,21,0,4,0,0,0,1,0,9,0,1,3,21,17,5,3,1,9,30,0,4,5,2,1,0,0,7,0,0,5,14,18,1,3,0,0,35,0,0,0,0,0,0,0,4,0,4,3,11,12,0,0,0,0,27
North Canberra,WATSON,0,2,1,1,0,0,0,11,0,4,2,6,14,3,0,1,14,25,0,6,4,1,0,0,0,14,0,0,2,8,7,4,1,2,7,26,0,2,4,1,1,0,1,18,0,1,3,9,16,2,2,1,6,17,0,6,1,0,0,0,0,0,0,2,3,7,10,6,1,0,17,17,0,1,1,0,0,0,0,6,0,1,3,10,16,0,0,0,19,22,0,3,1,0,0,0,0,5,0,4,4,14,23,1,2,0,16,22,0,2,2,0,0,0,0,8,0,5,2,8,8,2,1,2,10,10,0,2,1,0,0,0,0,4,1,2,1,23,8,1,1,0,7,23,0,3,3,4,3,0,0,2,1,1,0,6,17,2,2,0,18,14,0,0,2,1,1,0,0,2,0,3,1,9,18,1,0,0,9,15,0,1,6,1,1,0,0,3,1,2,3,13,23,5,3,0,16,19,1,5,4,5,1,0,0,4,0,3,3,15,17,10,2,0,3,21,0,6,2,0,4,0,0,6,4,1,10,27,21,7,10,2,23,29,0,2,4,3,0,0,0,2,0,1,8,20,27,3,0,0,21,23,0,0,6,1,0,0,0,2,1,1,3,12,18,5,1,2,13,18,0,3,1,0,0,0,0,5,0,2,5,13,6,0,0,0,5,23,0,2,2,1,0,0,1,3,0,1,1,5,16,2,1,0,10,14,0,0,3,2,0,0,0,2,1,1,5,11,11,0,0,0,0,13
South Canberra,BARTON,0,1,0,0,0,0,0,1,0,0,0,4,15,0,2,1,16,5,0,0,0,0,1,0,0,2,0,4,0,3,71,1,2,0,14,4,0,0,1,0,0,0,0,2,0,3,0,1,10,22,2,1,24,8,0,0,0,0,1,0,0,0,0,1,0,1,16,24,3,2,17,2,0,1,1,0,0,0,0,0,0,1,0,7,7,19,5,0,5,4,0,0,0,0,0,0,0,1,1,5,2,9,18,7,1,0,14,14,0,0,0,0,0,0,0,1,0,4,1,4,17,27,0,1,9,14,0,0,1,11,0,0,0,1,0,6,0,12,12,3,0,0,7,19,0,0,0,0,0,0,0,1,1,0,1,5,16,1,2,0,10,2,0,0,0,0,0,0,0,1,0,1,3,5,17,4,1,0,18,8,0,1,0,0,0,0,0,1,0,1,1,9,19,6,1,0,16,12,0,0,1,2,0,0,0,1,0,1,1,5,16,1,3,1,8,9,0,1,2,0,1,0,0,2,0,1,1,9,16,1,1,0,14,11,0,1,0,1,1,0,0,1,0,0,3,7,14,1,2,0,25,14,0,0,0,0,0,1,0,0,0,0,2,5,12,4,0,0,3,4,0,0,2,8,0,0,0,1,1,3,1,11,15,10,3,0,7,12,0,0,1,3,0,0,0,4,2,1,1,11,5,1,0,0,1,12,0,0,1,0,1,0,0,0,0,1,0,6,18,0,0,0,0,6
South Canberra,BEARD,0,0,0,0,0,0,0,0,0,2,2,1,1,0,0,0,1,1,0,0,0,0,0,0,0,0,0,0,0,0,2,0,0,0,0,1,0,0,0,0,0,0,0,0,0,0,1,2,0,0,0,0,1,0,0,0,0,0,0,0,0,0,0,0,0,0,0,0,0,0,0,0,0,0,0,0,0,0,0,0,0,0,0,0,0,0,0,0,0,0,0,0,0,0,0,0,0,0,0,0,0,2,0,0,0,0,0,0,0,0,0,0,0,0,0,0,0,0,1,1,0,1,0,0,0,0,0,0,0,0,0,0,0,0,0,0,0,1,5,0,0,0,0,1,0,0,0,0,0,0,0,0,0,0,0,0,0,0,1,0,0,0,0,0,1,0,0,0,0,0,0,0,0,0,0,2,0,0,0,0,0,0,0,0,0,0,0,0,0,0,0,0,0,0,0,0,0,0,0,0,1,0,0,0,0,0,0,2,1,2,0,1,0,0,1,3,0,0,1,0,0,0,0,0,0,1,2,0,2,1,0,0,1,0,0,0,0,0,0,0,0,0,0,1,0,4,0,1,0,0,1,0,0,0,0,0,0,0,0,0,0,0,2,0,0,3,0,0,0,0,0,0,0,0,0,0,0,0,0,1,0,0,0,1,1,0,0,1,0,0,0,0,0,0,0,0,0,0,0,0,3,0,0,0,1,1,0,0,0,0,0,0,0,0,0,0,0,1,1,0,0,0,0,0
South Canberra,CAPITAL HILL,0,0,2,0,0,0,0,0,0,0,0,1,0,0,0,0,1,2,0,0,0,0,0,0,0,0,0,0,0,0,2,0,0,0,3,0,0,0,0,0,0,0,0,0,0,0,0,0,2,1,0,0,0,0,0,0,1,0,0,0,0,0,0,0,0,0,4,0,1,0,2,0,0,0,0,0,0,0,0,0,0,0,0,1,7,0,0,0,3,1,0,0,0,0,0,0,0,0,0,0,0,0,2,0,0,0,1,0,0,0,1,0,0,0,0,0,0,0,0,3,0,1,0,0,0,1,0,0,1,0,0,0,0,0,0,0,0,0,5,0,1,1,0,2,0,0,0,0,1,0,0,0,0,0,0,0,11,0,0,0,0,0,0,0,0,0,0,0,0,0,0,0,0,1,7,0,1,0,0,1,0,0,0,0,0,0,0,0,0,0,0,0,3,0,0,0,2,0,0,0,0,0,0,0,0,0,0,0,0,0,11,0,0,0,4,1,0,0,0,0,0,0,0,0,0,0,0,0,3,0,0,0,0,0,0,0,0,0,0,0,0,0,0,0,0,0,2,0,2,0,0,1,0,0,0,0,0,0,1,0,0,0,0,5,1,0,0,0,1,4,0,0,0,0,0,0,0,0,0,0,0,1,1,0,0,0,1,0,0,0,0,0,0,0,0,0,0,0,0,0,2,0,0,0,0,0,0,0,0,0,0,0,0,0,0,0,0,0,3,0,0,0,0,0
South Canberra,DEAKIN,0,0,5,0,1,0,0,3,0,4,2,4,20,17,0,0,18,20,0,1,1,0,0,0,0,1,0,0,2,3,17,25,1,0,20,14,0,0,0,0,1,0,0,1,0,3,0,5,17,17,2,0,30,14,0,1,0,0,0,0,1,1,1,0,5,8,18,13,3,0,17,13,0,0,1,0,0,0,0,3,0,1,0,1,18,9,1,0,17,17,0,0,0,1,0,1,0,2,2,20,2,24,6,12,3,1,21,33,0,0,4,0,0,0,0,1,0,1,1,13,12,11,0,0,35,19,0,0,3,1,0,0,0,1,2,3,1,11,12,20,1,0,8,19,0,2,0,0,1,0,0,0,0,5,1,9,12,6,2,0,25,18,0,2,3,0,1,0,0,2,0,2,7,13,21,3,4,0,11,22,0,5,0,1,0,0,0,1,1,0,0,13,21,15,1,0,32,24,0,5,1,2,0,0,0,2,2,2,2,8,17,10,3,0,13,14,0,4,2,0,0,1,0,0,7,2,1,22,20,13,0,1,10,29,0,0,0,0,0,0,0,3,1,0,3,11,21,6,3,1,14,13,0,2,5,0,0,0,0,5,1,2,4,8,18,10,3,0,16,18,0,1,1,1,0,0,0,3,0,6,2,8,20,15,0,0,17,26,0,1,0,0,0,0,0,0,1,3,5,9,22,6,0,0,0,15,0,0,1,0,0,0,0,2,1,1,2,8,15,0,0,0,0,20
South Canberra,FORREST,0,1,2,0,0,0,0,1,2,3,0,2,12,1,2,0,8,9,0,1,1,0,0,0,0,3,0,0,0,1,6,4,1,0,11,6,0,1,3,0,1,0,0,2,0,1,0,2,10,6,3,0,17,10,0,0,0,0,0,0,0,1,0,0,1,10,13,0,1,0,5,9,0,1,0,0,0,0,0,0,0,0,0,1,6,0,2,0,9,3,0,0,0,0,0,0,0,3,0,3,6,4,6,1,2,0,10,12,0,0,0,0,0,0,0,1,0,2,0,9,8,1,1,0,8,7,0,0,0,0,0,0,0,1,0,3,0,8,3,0,1,0,16,13,0,0,0,0,2,0,0,0,0,1,0,3,3,0,1,0,4,5,0,0,1,0,0,0,0,5,0,0,0,6,7,1,1,0,1,3,0,1,1,0,1,0,0,2,0,2,1,5,5,0,1,0,10,3,0,0,0,1,1,0,0,0,0,0,0,4,4,0,0,0,7,6,0,1,0,0,0,0,0,3,0,2,0,1,8,1,1,0,5,11,0,0,0,0,0,1,0,2,0,2,2,6,6,0,2,0,2,8,0,2,0,1,0,0,0,3,0,0,2,2,13,0,2,0,8,9,0,2,2,0,0,0,0,2,0,2,0,6,8,0,0,0,3,11,0,0,1,0,0,0,0,0,0,5,1,7,3,0,0,0,0,8,0,1,0,0,0,0,0,2,0,5,1,0,6,0,0,0,0,9
South Canberra,FYSHWICK,0,3,3,0,0,1,0,1,29,12,5,22,49,10,11,8,51,53,0,1,1,0,2,0,1,0,7,7,8,7,34,3,11,4,41,56,0,1,4,0,1,0,1,0,4,3,1,10,43,22,17,15,50,59,0,1,3,1,1,0,1,1,7,12,4,17,36,9,8,4,38,66,0,0,7,1,0,0,0,0,17,12,9,14,102,20,7,1,25,57,0,0,8,2,0,0,2,1,11,8,8,15,47,19,14,0,46,74,0,0,7,0,0,1,1,0,12,9,12,25,51,53,14,3,45,77,0,0,5,1,0,0,0,0,34,10,10,25,65,16,0,0,34,87,0,0,2,3,0,1,1,0,20,9,7,29,52,12,13,1,51,70,0,2,7,0,1,2,1,1,12,10,11,23,51,7,6,5,39,90,0,2,2,1,0,0,0,0,10,7,4,22,64,13,14,8,49,73,0,2,2,4,0,0,0,0,16,8,11,33,73,6,10,4,60,60,0,1,5,0,0,2,0,0,13,6,16,28,61,10,17,3,45,57,0,1,2,2,1,0,0,0,10,6,12,19,57,10,7,11,35,63,0,0,4,11,2,1,1,0,15,7,8,15,96,25,9,5,39,57,0,0,5,0,0,1,0,0,4,5,14,15,53,2,10,3,16,72,0,0,10,3,0,1,1,1,14,9,14,23,72,1,0,0,14,81,0,0,5,0,0,1,0,0,9,6,14,10,58,0,0,0,0,76
South Canberra,GRIFFITH,0,2,8,1,2,0,2,5,3,3,4,17,61,5,2,0,18,40,0,2,5,0,0,0,1,6,0,3,7,10,37,2,3,0,28,47,0,0,5,3,1,0,0,3,1,2,2,12,44,2,4,1,37,37,0,5,4,2,0,1,0,10,4,4,7,31,49,8,5,0,32,61,0,2,5,0,0,0,0,5,0,0,7,18,31,1,1,0,12,36,0,2,4,0,0,0,1,6,0,8,8,27,25,3,0,0,26,72,0,0,1,0,0,0,1,5,0,3,5,25,34,4,5,0,24,72,0,2,3,0,0,1,0,7,2,6,8,29,45,3,2,0,18,72,1,3,7,0,0,1,0,11,5,11,4,37,32,3,1,0,10,55,0,4,5,0,0,1,1,12,2,6,5,40,53,11,2,0,24,90,0,5,8,0,1,1,1,4,2,5,4,20,61,10,0,0,25,61,0,6,7,1,11,0,0,11,3,5,3,28,66,3,1,0,20,67,0,2,7,2,1,2,1,3,1,12,9,33,46,1,1,0,28,50,0,3,6,0,1,2,0,7,0,0,6,54,68,3,1,0,33,56,0,1,3,2,1,1,1,2,1,0,5,24,50,0,1,3,28,44,0,9,9,0,1,2,1,13,3,6,14,41,64,1,0,1,18,69,0,5,7,1,0,0,0,5,6,6,5,31,52,0,0,1,3,62,0,0,6,0,0,0,0,12,4,9,2,24,39,0,0,0,0,57
South Canberra,HARMAN,0,0,0,0,0,0,0,0,0,0,0,0,0,2,0,0,0,0,0,0,0,0,0,0,0,0,0,0,0,0,0,8,0,0,1,1,0,0,0,0,0,0,0,0,0,0,0,0,0,2,0,0,2,0,0,0,0,0,0,0,0,0,0,0,0,0,0,2,0,0,4,0,0,0,0,0,0,0,0,0,0,0,0,0,0,0,0,0,1,1,0,0,0,0,0,0,0,0,0,0,0,0,0,0,0,0,0,0,0,0,0,0,0,0,0,0,0,0,0,0,0,0,0,0,0,0,0,0,0,0,0,0,0,0,0,0,0,0,0,0,0,0,0,0,0,0,0,0,0,0,0,0,0,0,0,0,0,0,0,0,0,0,0,0,0,0,0,0,0,0,0,0,0,0,0,0,0,0,0,0,0,0,0,0,0,0,0,0,0,0,0,0,0,0,0,0,1,0,0,0,0,0,0,0,0,0,0,0,0,0,0,0,0,0,1,0,0,0,0,0,0,0,0,0,0,0,0,0,0,0,0,0,0,0,0,0,0,0,0,0,0,0,0,0,0,0,1,1,0,0,0,0,0,0,0,0,0,0,0,0,0,0,0,0,0,3,0,0,1,0,0,0,0,0,0,0,0,0,0,0,0,0,0,0,0,0,2,0,0,0,0,0,0,0,0,0,0,0,0,0,0,0,0,0,0,0,0,0,0,0,0,0,0,0,0,0,0,0,0,0,0,0,0,0
South Canberra,KINGSTON,0,0,3,0,0,0,0,1,1,0,1,12,15,1,2,2,11,23,0,0,2,0,0,0,0,14,1,4,4,17,51,3,2,1,11,54,0,1,1,0,0,0,0,7,1,0,0,14,9,3,3,1,28,19,0,1,4,1,0,0,0,3,2,2,6,19,35,3,6,3,18,22,0,2,3,0,0,0,0,4,2,3,9,21,14,0,1,1,28,34,0,5,3,0,0,0,0,2,5,5,2,31,19,3,1,0,10,53,0,4,4,1,0,0,0,4,1,7,3,36,27,2,4,0,14,64,0,0,5,0,0,0,0,10,6,8,3,26,25,2,0,0,24,63,0,4,4,0,0,0,1,6,12,9,4,17,20,2,0,0,11,36,0,0,2,0,0,0,0,7,3,9,3,14,11,4,3,0,11,36,0,5,5,1,1,0,0,2,3,10,5,24,76,2,2,1,26,25,0,1,2,0,2,1,0,4,1,2,2,16,22,4,0,0,9,35,0,1,3,3,2,0,0,5,3,5,6,27,14,1,1,0,6,56,0,7,9,1,1,2,1,8,0,8,5,38,36,0,1,1,19,53,0,0,1,0,0,1,0,10,1,6,6,17,21,3,0,0,20,44,0,5,3,1,1,0,0,8,2,8,7,28,22,0,1,0,7,53,0,0,2,0,0,0,0,3,1,3,7,22,17,0,1,1,2,29,0,0,1,1,1,0,0,17,1,10,5,21,10,0,0,0,0,60
South Canberra,NARRABUNDAH,0,4,5,1,0,0,0,4,1,1,3,26,18,3,0,0,15,36,0,5,14,0,1,1,0,12,0,0,5,36,34,8,0,0,72,25,1,2,12,0,0,0,0,3,0,2,4,35,34,2,0,0,92,32,0,5,9,1,0,1,0,5,1,4,3,30,25,4,0,0,14,42,0,0,5,0,0,0,0,10,0,1,6,23,41,1,0,0,15,26,0,7,4,1,0,1,1,13,1,5,10,43,39,2,3,0,22,51,0,4,6,0,1,2,1,13,2,1,6,43,37,8,1,0,43,60,0,5,6,1,3,0,0,10,3,9,7,31,31,0,1,1,16,65,0,6,7,2,0,0,0,11,4,1,6,35,39,4,1,1,34,72,0,5,3,3,2,0,1,9,0,2,6,24,42,3,1,0,23,53,0,6,4,0,1,0,0,9,0,3,3,23,42,1,1,0,12,44,0,5,9,4,1,1,0,10,0,6,8,32,65,1,1,0,17,52,0,3,8,0,0,2,0,4,0,5,10,20,35,0,0,1,11,21,0,17,6,4,0,1,0,10,1,1,11,46,61,0,1,0,31,47,0,4,2,3,1,0,1,8,1,7,5,25,70,3,1,0,17,28,0,2,13,2,0,0,1,9,0,5,6,22,90,2,1,0,27,42,0,0,11,1,1,1,1,7,0,2,9,26,83,0,0,0,4,35,0,3,14,0,0,1,0,6,0,5,11,21,82,0,0,0,0,56
South Canberra,OAKS ESTATE,0,0,2,0,0,0,0,1,1,0,1,4,2,0,0,0,3,0,0,0,0,0,0,0,0,1,0,0,0,1,2,0,0,0,7,2,0,1,1,0,0,0,0,2,0,0,0,4,6,1,1,0,2,4,0,0,2,1,0,0,0,1,2,1,1,5,6,0,0,0,2,3,0,2,1,0,0,0,0,0,0,0,0,4,7,1,0,0,8,0,0,0,0,0,0,0,1,0,0,0,2,1,3,0,0,0,1,2,0,0,1,0,0,0,0,1,0,0,2,5,9,2,0,0,0,6,0,0,2,0,0,0,0,1,0,0,2,4,2,0,0,0,2,3,0,0,1,0,0,0,0,0,0,0,0,3,1,0,0,1,0,2,0,1,5,8,0,0,0,0,0,1,1,2,7,0,0,0,6,3,0,0,1,0,0,0,0,1,0,0,0,0,2,0,0,0,2,1,0,0,0,0,0,0,0,0,0,1,4,3,2,0,0,0,5,1,0,0,0,0,0,0,0,1,1,0,0,1,2,0,0,0,0,1,0,0,4,0,0,0,1,1,0,0,1,5,1,0,0,0,1,1,0,0,1,2,0,0,0,0,0,1,0,2,4,0,0,0,2,2,0,3,2,0,2,0,0,2,0,0,0,1,6,0,0,0,1,2,0,0,4,0,1,1,0,1,0,0,1,5,4,0,0,0,0,5,0,2,1,0,0,0,0,2,0,0,4,5,2,0,0,0,0,0
South Canberra,PIALLIGO,0,0,2,0,0,0,0,0,0,0,1,1,11,6,1,0,8,1,0,0,1,1,0,0,0,0,0,0,3,0,3,8,4,0,11,3,0,0,0,0,0,0,0,0,1,1,0,0,4,25,1,3,8,4,0,0,0,0,0,0,0,1,1,0,1,0,3,15,4,0,14,1,0,0,0,0,0,0,0,1,0,0,1,2,10,20,6,0,12,2,0,0,0,0,0,0,0,1,1,1,1,0,10,36,7,2,27,2,0,0,0,0,0,0,0,0,0,0,0,1,1,58,3,1,19,0,0,0,0,0,0,0,0,0,0,1,0,0,11,11,4,0,15,2,0,0,0,0,0,0,0,1,0,0,0,0,6,37,2,1,13,2,0,0,0,0,1,0,0,0,1,0,2,1,4,14,1,0,17,2,0,0,0,0,0,0,0,1,1,0,0,1,6,19,9,0,18,2,0,0,0,0,0,0,0,0,0,1,0,2,3,6,3,0,13,4,0,0,0,0,0,0,0,0,4,1,2,1,1,7,1,0,17,3,0,0,0,0,0,0,0,0,0,0,1,3,12,4,2,0,8,1,0,0,0,0,0,0,0,0,0,1,1,2,8,8,5,0,9,7,0,0,0,0,1,0,0,0,0,0,0,1,5,6,1,0,7,3,0,0,1,0,0,0,0,0,0,0,1,0,10,2,0,0,7,0,0,0,0,0,0,0,0,1,0,0,0,0,7,0,0,0,0,2
South Canberra,RED HILL,0,2,1,0,0,0,0,6,0,0,5,14,22,2,0,0,15,12,0,2,3,2,0,0,0,7,1,0,5,9,12,1,1,0,12,15,0,2,4,0,0,0,0,4,0,1,2,23,20,3,0,0,14,32,0,2,3,1,0,1,0,4,0,1,1,27,14,0,1,0,7,20,0,1,3,16,0,0,0,3,0,2,1,11,14,2,1,0,9,16,0,2,3,0,0,0,0,3,1,1,1,20,26,2,0,0,17,23,0,2,2,2,0,0,0,6,2,1,1,17,29,6,0,1,11,23,0,4,5,1,0,1,0,8,0,2,3,18,17,1,1,0,6,58,0,2,1,0,0,0,0,6,0,4,0,19,21,2,0,0,14,28,0,2,2,0,0,0,0,10,0,5,2,17,34,0,0,0,14,50,0,2,3,0,2,0,0,6,0,2,3,14,34,0,1,0,13,27,0,2,4,0,2,1,0,9,0,0,0,23,23,3,1,0,2,15,0,2,3,0,1,0,0,9,0,1,5,14,10,0,0,0,3,18,0,3,3,1,0,0,0,4,0,1,1,9,32,0,0,0,19,19,0,3,1,1,0,0,0,1,1,1,1,6,8,0,0,0,9,8,0,0,2,1,0,0,0,7,0,2,3,10,16,0,0,0,0,20,0,1,2,0,0,0,0,2,1,0,4,4,8,0,0,0,1,5,0,0,1,1,0,0,0,1,1,3,2,6,10,0,0,0,0,16
South Canberra,SYMONSTON,0,2,1,1,0,0,0,0,0,0,0,0,11,13,1,0,6,2,0,0,0,0,0,0,0,0,0,1,0,3,12,15,2,0,21,2,0,0,0,0,0,0,0,0,0,0,0,3,19,29,0,0,10,3,0,2,2,0,0,0,0,0,0,2,4,4,13,9,5,0,9,6,0,0,2,0,0,0,0,0,0,1,0,1,10,3,0,2,4,4,0,1,0,12,0,0,0,0,1,0,2,3,28,4,1,0,6,5,0,0,2,0,0,0,0,1,0,3,3,1,20,11,2,0,12,2,0,2,0,0,1,0,0,0,0,1,2,5,11,2,0,0,7,6,0,2,5,1,0,0,0,1,0,3,2,7,6,10,0,0,8,5,0,0,1,0,0,0,0,0,0,0,1,5,9,2,0,0,10,4,0,1,0,0,0,0,0,0,0,2,1,4,11,18,0,2,14,3,0,1,5,0,0,0,0,2,0,4,0,11,12,4,1,0,9,10,0,2,2,0,1,0,0,0,0,3,1,2,8,12,0,0,7,2,0,2,1,1,0,0,0,0,0,0,1,7,26,16,6,0,16,7,0,1,3,0,0,0,0,1,0,0,1,3,26,15,2,1,10,6,0,0,4,0,0,0,0,0,0,1,0,3,12,7,0,0,12,5,0,2,1,0,1,0,0,0,0,2,1,5,16,1,0,0,4,8,0,0,0,0,0,0,0,0,0,1,1,3,8,0,0,0,0,3
South Canberra,YARRALUMLA,0,0,2,0,0,0,0,1,1,1,0,12,21,18,4,1,28,9,0,1,1,2,0,0,0,2,1,1,1,5,15,16,7,0,25,11,0,2,0,0,0,0,0,0,0,0,0,6,20,35,8,0,26,12,0,0,0,0,0,0,0,3,0,2,0,25,6,10,5,0,11,20,0,1,0,0,1,0,0,1,0,1,3,11,31,13,3,0,8,22,0,0,1,0,0,0,0,2,1,1,0,21,19,24,5,0,32,23,0,0,0,0,0,0,0,1,0,1,2,13,9,14,6,1,25,15,0,1,2,0,0,0,0,0,3,0,1,14,11,11,4,1,15,20,0,1,1,0,1,0,0,1,1,1,0,10,19,9,3,0,17,16,0,4,0,0,1,0,0,2,0,2,2,18,25,5,11,0,10,15,0,0,0,0,0,0,0,2,2,2,3,3,8,8,9,0,21,15,0,0,0,1,0,0,0,7,1,0,4,10,7,3,4,1,21,22,0,0,0,0,1,1,0,1,4,1,0,28,20,12,1,0,8,33,1,4,4,1,0,0,0,3,0,1,4,12,23,5,4,1,97,28,0,1,3,0,0,0,0,2,1,3,3,19,22,3,4,1,51,21,0,0,1,2,1,0,0,0,3,1,0,8,18,16,6,2,32,20,0,1,0,0,1,0,0,4,2,1,3,16,11,2,0,1,12,23,0,1,1,0,0,0,0,1,0,2,0,7,19,0,0,0,0,7
Tuggeranong,BANKS,0,4,1,2,0,0,0,0,0,0,0,9,15,1,0,0,5,11,0,7,0,0,0,0,0,9,0,0,3,4,9,1,0,0,1,13,0,3,0,2,0,1,0,2,0,0,2,4,10,0,0,0,4,10,0,1,4,0,0,0,0,4,0,0,0,7,17,0,1,1,1,15,0,1,1,3,0,0,0,12,1,0,1,8,6,0,0,0,2,31,0,4,0,0,2,0,0,8,0,0,1,13,13,0,0,1,5,25,0,4,1,7,0,0,0,3,0,0,2,16,13,0,1,0,8,7,0,8,1,0,0,0,0,13,0,0,1,9,17,0,0,0,5,17,0,2,2,0,0,0,0,2,1,0,1,7,9,1,1,0,11,4,0,4,1,0,0,0,0,1,0,0,0,4,41,0,1,0,9,8,0,4,0,0,1,0,0,6,1,0,6,14,17,2,0,0,2,15,0,4,0,0,0,0,0,3,0,0,2,5,14,0,0,0,0,12,0,5,0,0,1,0,0,0,1,0,1,7,9,1,0,1,2,9,0,7,2,0,1,0,2,2,0,0,1,11,12,0,0,1,4,4,0,2,1,0,0,0,0,3,1,0,1,8,15,1,0,0,2,10,0,1,1,2,1,0,0,7,0,0,2,9,20,0,0,0,2,13,0,0,0,0,0,0,0,3,0,0,2,8,21,0,0,0,0,4,0,2,0,1,0,0,0,3,0,0,3,8,3,0,0,0,0,8
Tuggeranong,BONYTHON,0,2,2,0,0,0,0,0,0,0,6,15,14,2,0,0,9,13,0,5,3,0,0,0,0,8,0,0,1,12,17,7,0,1,19,9,0,3,4,1,0,0,0,10,0,0,4,11,10,13,2,0,15,19,0,0,1,1,0,0,0,5,0,0,1,9,29,12,1,0,13,14,0,2,0,11,0,0,0,1,0,0,3,9,21,2,1,0,2,7,0,1,2,0,0,1,0,4,0,0,3,12,7,8,1,0,5,7,0,4,1,0,2,0,0,6,0,0,0,11,24,3,0,0,10,12,0,3,1,5,0,0,0,1,0,0,1,5,9,3,0,0,8,10,0,0,3,2,1,0,0,0,1,0,1,7,8,1,0,0,3,9,0,3,0,0,0,1,0,4,0,0,2,6,15,5,3,0,7,21,0,1,1,1,2,2,0,2,1,0,8,16,14,7,1,0,12,23,0,2,4,0,0,1,0,5,1,0,0,5,33,15,1,0,7,13,0,6,4,0,4,4,1,9,0,0,11,6,19,4,0,0,12,9,0,3,2,0,2,0,0,2,0,1,2,8,23,5,2,0,25,7,0,1,2,1,0,0,0,3,0,3,8,2,36,9,1,0,13,19,0,3,0,0,0,0,0,0,0,1,3,7,20,8,0,0,7,8,0,2,0,2,1,0,0,7,0,1,4,11,13,3,0,0,3,12,0,7,2,2,0,1,0,1,0,2,4,7,19,0,0,0,0,10
Tuggeranong,CALWELL,0,2,2,1,0,0,1,4,1,1,2,13,14,1,1,0,12,28,0,1,1,2,0,0,0,4,0,1,5,24,43,2,0,0,20,36,0,5,2,1,0,1,0,3,0,1,7,23,41,2,1,0,18,37,0,5,2,0,0,0,0,4,0,2,3,21,15,4,2,1,4,49,1,3,0,0,0,1,0,9,0,3,7,19,30,0,0,0,7,42,0,1,3,0,1,2,0,6,0,4,4,26,33,3,0,0,9,52,0,0,5,2,0,1,0,6,0,4,0,12,37,5,0,0,12,37,0,7,6,0,4,0,0,2,0,8,2,21,22,4,0,0,12,38,0,1,2,0,0,0,0,4,0,5,2,10,15,1,2,1,10,42,0,2,1,2,0,0,0,4,1,1,3,21,27,0,1,0,5,31,0,3,6,0,1,1,0,3,2,0,4,14,25,1,0,0,5,26,0,10,11,0,1,1,0,3,0,0,4,11,43,1,0,0,7,26,0,7,1,0,3,3,0,6,0,0,5,22,23,1,0,0,7,19,0,3,3,5,0,0,0,4,0,1,4,13,45,3,1,0,2,19,0,5,1,2,2,1,0,6,0,0,4,21,30,4,0,0,9,35,0,3,2,3,0,1,0,2,1,0,4,11,26,0,0,1,4,31,0,5,2,5,1,1,0,7,0,1,6,10,25,0,0,0,2,46,1,0,3,0,0,1,0,7,1,2,5,12,26,0,0,0,0,43
Tuggeranong,CHISHOLM,0,3,1,1,0,0,0,6,1,1,4,20,25,3,0,0,20,30,0,4,4,2,0,0,0,9,3,1,1,14,40,0,1,0,17,30,0,3,4,1,0,0,0,2,0,1,4,14,51,1,1,0,23,17,0,5,1,5,2,0,1,3,0,1,9,11,22,1,0,0,8,29,0,4,2,0,0,1,0,1,1,0,4,20,20,3,0,0,11,35,0,5,0,1,0,0,0,4,2,2,4,18,27,4,1,0,19,83,0,2,3,5,0,0,0,9,1,1,3,10,12,2,2,0,17,30,0,7,3,1,1,0,0,2,1,0,5,21,29,1,1,1,7,27,0,7,5,1,0,0,0,8,0,0,5,11,38,1,1,0,11,32,0,11,1,2,1,0,0,7,2,0,6,18,40,2,0,0,9,46,0,5,6,0,1,1,0,5,0,1,7,8,43,3,1,0,9,30,0,9,4,1,1,1,0,9,0,1,4,15,52,1,0,0,8,26,0,5,4,1,1,0,0,10,3,0,7,12,32,0,1,0,13,31,0,6,6,0,1,2,0,0,0,1,10,16,50,0,1,0,14,25,0,4,5,0,1,0,2,9,0,0,5,9,47,1,0,0,20,17,0,2,0,3,0,0,0,2,0,5,5,10,36,1,1,0,14,20,0,8,0,1,0,2,0,3,2,1,8,4,32,0,0,0,0,28,0,1,0,4,1,0,0,6,1,0,3,12,35,0,0,0,0,17
Tuggeranong,CONDER,0,4,5,0,0,0,0,2,0,0,1,13,22,0,1,0,14,22,0,0,9,1,0,0,0,6,0,1,3,9,18,3,0,0,14,33,0,3,2,1,0,0,0,2,0,0,2,9,19,2,1,0,3,32,0,7,1,0,0,0,1,3,1,0,5,14,24,1,0,0,9,41,0,2,3,0,0,0,0,1,0,0,1,18,19,2,2,0,11,46,0,7,2,9,3,0,0,2,3,0,5,19,14,0,1,1,7,37,0,10,1,3,1,0,0,7,2,0,0,14,18,0,0,0,13,28,0,7,6,4,0,0,1,4,3,0,6,20,22,1,1,1,6,38,0,5,4,2,5,2,0,0,3,2,1,17,28,0,1,1,9,17,0,4,4,0,1,1,0,5,1,0,4,8,22,0,0,1,6,26,0,12,8,4,2,0,0,3,0,0,6,22,27,1,1,2,4,43,0,9,3,0,3,0,1,6,0,0,3,9,19,4,0,0,4,11,0,8,3,2,0,1,1,2,1,0,4,17,18,0,0,1,5,18,0,2,9,0,1,4,0,5,0,1,7,13,25,2,1,0,6,19,0,10,4,3,1,0,0,3,0,0,6,7,31,0,1,0,8,25,0,5,6,0,0,2,0,2,0,1,7,9,34,0,0,0,3,14,0,2,5,1,2,0,0,3,0,2,2,2,40,0,0,0,1,17,0,5,3,1,1,1,0,2,1,3,2,6,18,0,0,0,0,7
Tuggeranong,FADDEN,0,0,1,1,0,0,0,1,1,0,0,1,14,1,0,0,2,3,0,0,0,0,0,0,0,4,0,2,3,5,7,2,0,0,6,7,0,0,0,0,0,0,0,3,0,0,1,8,15,1,0,0,14,5,0,0,0,1,1,0,0,4,0,1,3,6,4,1,0,1,5,6,0,1,2,0,0,1,0,4,1,0,2,5,12,1,1,0,6,12,0,0,0,0,1,0,0,5,0,2,3,10,5,0,0,0,3,20,0,0,0,0,0,0,0,4,0,0,3,3,23,2,0,0,8,12,0,1,0,1,1,0,0,2,1,0,1,11,8,1,0,0,10,6,0,3,0,2,0,0,0,1,1,0,2,5,5,3,0,0,8,6,0,1,1,0,0,0,0,0,0,0,1,10,9,3,0,0,6,8,0,3,1,2,0,0,0,1,1,0,0,9,5,0,1,0,7,7,0,3,1,0,0,0,0,0,1,0,2,4,10,5,0,0,1,7,0,0,0,0,0,0,0,2,0,1,1,4,16,2,2,0,4,9,0,0,0,1,1,0,0,2,0,0,2,7,18,0,0,0,4,10,0,0,0,0,0,0,0,1,0,0,10,1,14,0,0,0,5,12,0,1,0,0,0,0,0,2,0,1,2,4,9,0,0,0,0,8,0,1,0,0,0,0,0,1,0,0,1,2,1,0,0,0,0,3,0,4,0,0,0,0,0,4,0,0,1,4,4,0,0,0,0,10
Tuggeranong,GILMORE,0,0,1,1,0,0,1,3,0,0,0,9,11,4,0,0,6,7,0,5,0,0,0,0,0,0,0,0,0,4,17,14,1,0,11,7,0,2,2,1,0,0,0,2,0,0,1,4,14,18,1,0,7,5,0,2,1,4,0,0,0,5,0,0,3,11,13,12,0,0,4,16,0,3,0,0,1,0,0,2,0,0,1,8,11,8,0,0,6,13,0,2,1,1,0,0,0,4,0,0,3,8,19,11,2,0,8,12,0,2,0,1,0,0,0,1,0,0,1,8,21,9,0,0,18,9,0,2,1,0,0,0,0,1,0,0,1,7,7,0,0,1,15,5,0,1,1,0,0,0,0,0,0,0,0,3,14,4,0,0,5,7,0,2,2,0,2,0,0,2,0,0,2,6,21,1,1,0,19,10,0,4,2,0,1,0,0,1,0,0,1,5,29,5,0,0,2,6,0,9,4,7,0,0,0,2,0,0,1,4,10,5,2,0,3,9,0,1,1,0,0,0,1,9,0,1,7,7,6,1,0,0,1,10,0,1,2,0,0,0,0,1,0,0,2,10,23,4,0,0,6,9,0,3,0,0,0,0,0,0,0,1,0,7,12,6,0,0,14,5,0,7,2,0,0,0,0,1,0,0,1,6,13,1,0,0,17,4,0,0,0,1,2,0,0,2,0,0,3,5,15,2,0,0,0,2,0,2,0,0,0,0,0,3,0,0,5,11,12,0,0,0,0,12
Tuggeranong,GORDON,0,4,1,0,0,0,0,3,0,0,3,13,23,1,1,2,9,15,0,5,1,0,0,0,0,3,0,0,2,15,26,1,0,0,7,14,0,5,1,6,0,0,0,4,0,1,7,15,37,2,2,3,28,22,0,7,6,4,0,0,0,3,0,0,4,20,33,1,4,2,9,28,1,8,1,0,0,0,0,6,0,0,1,27,34,3,0,0,13,34,0,6,2,3,0,0,0,5,0,3,6,18,21,1,0,0,13,30,0,3,2,1,0,0,0,5,0,2,4,12,14,5,1,0,27,22,0,4,7,0,0,0,0,4,0,0,3,15,52,4,0,1,26,16,0,14,4,0,4,0,0,3,0,0,2,13,46,2,1,0,10,15,0,9,2,3,1,0,0,7,0,0,3,9,20,2,1,0,13,16,0,3,2,4,0,1,0,1,1,1,7,9,21,1,4,0,12,12,0,11,4,1,3,0,0,5,0,0,3,11,32,4,0,0,4,14,1,14,4,2,1,0,1,3,0,0,10,17,27,0,0,0,4,24,0,7,2,0,2,1,1,5,0,0,1,13,23,15,1,0,6,6,0,5,5,2,0,1,0,5,0,1,6,12,51,3,0,0,23,17,0,7,6,1,1,0,0,6,0,0,3,17,27,2,0,0,14,15,0,10,3,1,2,0,0,4,0,1,9,20,36,1,0,0,8,10,0,3,3,2,2,1,0,2,0,0,4,8,28,0,0,0,0,9
Tuggeranong,GOWRIE,0,2,0,1,0,0,0,5,0,4,4,15,9,5,0,1,27,12,0,4,0,2,0,1,0,7,2,0,1,4,38,4,1,1,20,11,0,4,2,2,0,0,0,6,0,0,2,3,37,0,0,0,20,11,0,0,1,0,0,0,0,6,0,0,3,5,33,2,0,1,16,7,0,1,1,0,0,1,0,9,0,0,1,8,18,2,1,0,3,17,0,1,1,0,0,0,0,3,0,0,2,6,8,1,0,1,11,16,0,2,0,0,0,0,0,2,0,0,5,9,19,0,0,0,5,6,0,1,2,0,0,1,0,5,0,0,1,12,11,0,0,0,12,9,0,0,0,0,0,0,0,2,0,0,1,4,12,0,0,0,6,7,0,2,1,4,0,0,0,1,0,3,2,5,10,6,0,0,6,10,0,3,0,0,0,0,0,0,1,3,3,12,20,0,2,0,5,10,0,4,1,1,1,0,0,1,1,0,0,5,23,0,2,0,6,7,0,2,1,0,0,0,0,7,0,0,5,5,24,1,0,0,9,5,0,2,2,0,0,0,0,3,0,2,6,7,38,4,1,0,9,11,0,1,2,0,0,0,0,3,1,0,2,4,14,1,0,1,3,11,0,4,1,0,1,0,0,3,0,0,1,11,17,1,0,0,0,4,0,2,0,0,0,0,0,1,0,0,3,3,5,0,0,0,0,4,0,0,0,0,0,0,0,2,1,0,1,3,4,0,0,0,0,7
Tuggeranong,GREENWAY,0,3,17,2,1,1,1,2,2,1,1,35,58,44,9,3,38,84,0,3,19,1,0,0,0,2,2,4,0,7,51,40,8,4,45,75,0,5,7,1,0,0,1,6,2,3,7,27,180,64,10,1,71,73,0,1,7,2,4,0,0,1,2,2,4,22,77,10,6,3,48,99,0,7,11,1,2,0,1,0,0,2,2,25,80,25,6,4,34,74,0,0,9,4,1,0,0,5,4,5,7,33,52,15,2,2,40,86,0,2,13,3,1,0,0,10,3,4,6,24,80,49,6,3,54,113,0,4,25,26,5,0,0,1,5,9,2,25,60,8,6,1,38,102,0,7,13,6,2,0,0,6,4,4,1,21,78,10,3,1,41,75,0,1,5,1,7,1,1,4,1,2,7,38,63,24,7,1,30,81,0,3,22,7,2,0,1,5,3,3,5,27,86,23,10,3,34,100,0,9,20,3,0,2,2,5,1,3,6,31,82,11,2,3,29,93,0,10,22,6,4,0,3,5,2,1,9,43,91,4,6,1,23,109,0,6,11,3,5,1,0,14,4,4,6,28,102,12,5,5,59,86,0,1,6,2,0,1,0,0,1,0,17,20,89,19,6,0,37,56,0,4,8,2,0,0,2,2,0,1,4,27,71,7,4,1,34,55,0,7,10,3,0,2,1,1,5,2,3,24,85,1,1,1,15,76,0,7,9,1,1,1,2,2,2,2,4,12,188,0,0,0,0,50
Tuggeranong,ISABELLA PLAINS,0,4,0,0,0,0,0,5,0,3,1,10,12,5,2,1,17,9,0,2,0,0,0,1,0,7,0,0,2,7,38,5,2,0,17,17,0,1,2,1,0,0,1,1,0,0,3,6,15,1,0,1,21,21,0,2,3,1,2,0,0,4,0,0,2,14,15,9,0,0,14,21,0,1,0,0,0,0,0,1,0,1,4,4,19,0,0,0,9,14,0,2,0,0,0,0,0,4,0,0,2,5,22,4,0,1,11,22,0,0,6,11,0,0,0,3,0,0,0,9,11,5,2,0,11,8,0,4,3,0,1,0,0,4,0,0,2,19,16,2,0,0,12,15,0,2,2,1,0,0,0,4,2,5,3,21,14,1,0,1,10,12,0,3,1,4,0,0,0,7,0,1,7,5,18,2,0,0,12,17,0,0,0,1,1,0,0,1,0,1,2,16,15,2,0,0,9,21,0,4,0,1,0,1,0,1,0,0,1,4,20,2,1,0,7,6,0,4,1,0,0,0,0,5,1,1,0,6,24,3,1,0,5,17,0,29,0,4,2,0,2,1,0,0,0,17,42,10,1,0,12,9,0,6,0,1,0,2,0,4,0,6,1,9,15,3,1,0,24,12,0,4,2,0,0,0,0,2,0,7,4,11,16,3,0,0,15,10,0,9,0,0,2,2,0,6,0,2,4,6,20,0,1,1,0,9,0,1,4,0,2,0,0,1,0,4,3,9,21,0,0,0,0,5
Tuggeranong,KAMBAH,0,11,12,9,0,1,0,19,4,1,8,37,58,14,10,0,67,61,0,4,6,2,0,1,0,15,6,0,8,38,55,15,7,0,53,45,0,7,7,8,1,0,0,21,5,6,6,37,83,31,10,0,72,66,0,9,7,8,1,0,0,18,3,4,12,32,71,6,6,2,41,63,0,8,5,1,0,4,1,17,2,3,12,42,205,18,7,2,33,96,0,14,16,12,2,4,1,29,2,8,27,57,119,11,6,3,57,106,0,16,6,20,4,1,0,24,1,4,7,53,97,35,9,0,84,59,0,20,5,1,4,0,0,6,0,7,10,46,74,29,11,3,53,98,1,23,5,2,1,0,2,10,1,6,6,47,66,30,10,0,36,79,0,25,5,1,0,3,1,14,1,4,10,42,98,12,11,0,29,98,0,11,11,3,3,0,0,19,0,5,10,64,111,14,12,1,54,128,0,27,13,6,2,2,4,29,4,5,13,67,86,6,7,0,39,80,0,23,13,6,2,2,0,32,1,6,20,51,127,10,8,1,36,85,0,10,7,1,2,4,0,19,2,24,18,38,161,39,4,2,57,82,0,12,9,3,2,0,0,10,0,4,14,45,168,43,4,2,67,80,0,15,13,3,1,1,0,8,0,4,19,39,116,21,9,0,35,66,0,16,10,11,1,2,1,21,1,6,16,43,74,11,0,0,8,71,0,18,7,3,6,0,0,17,0,6,17,47,104,0,0,0,0,57
Tuggeranong,MACARTHUR,0,1,0,0,0,0,0,1,0,0,0,2,6,0,0,0,2,5,0,0,1,0,0,0,0,1,0,0,1,0,1,11,0,0,2,4,0,0,0,0,0,0,0,0,0,0,0,5,2,25,0,0,4,8,0,1,0,0,0,0,0,0,0,0,1,0,5,1,3,0,5,0,0,0,0,0,0,0,0,1,0,0,0,1,0,4,1,0,1,0,0,0,0,0,0,0,0,3,0,0,0,4,5,13,0,0,0,4,0,1,5,0,0,0,0,0,0,0,2,1,2,8,0,0,4,5,0,0,0,0,1,0,0,0,0,0,0,2,1,10,0,0,2,2,0,3,0,0,0,0,0,0,0,0,0,3,1,4,0,0,4,3,0,2,0,0,1,0,0,0,0,0,0,0,7,5,0,0,1,0,0,1,0,0,1,0,0,1,0,0,1,3,5,2,0,0,3,5,0,1,0,0,0,0,0,0,0,0,0,3,6,4,2,1,6,4,0,4,0,0,0,0,0,1,0,0,0,1,0,1,1,0,1,5,0,2,0,0,0,0,0,0,0,0,1,3,3,6,0,0,2,10,0,0,0,0,1,0,0,0,0,0,0,1,1,1,0,0,2,2,0,0,0,0,0,0,0,0,0,0,0,1,1,3,1,0,1,4,0,0,0,0,0,0,0,0,0,0,1,6,2,0,0,0,0,4,0,0,1,1,0,0,0,1,0,0,0,0,3,0,0,0,0,5
Tuggeranong,MONASH,0,4,1,1,1,0,0,11,2,0,4,16,22,1,1,0,6,25,0,1,0,0,0,1,0,5,0,1,1,15,18,4,2,0,12,25,0,0,1,0,1,1,0,5,0,0,7,17,9,1,1,0,11,22,0,1,1,0,0,0,0,4,0,0,3,8,21,5,0,0,5,18,0,2,1,0,0,0,0,3,0,0,4,12,28,3,2,0,4,34,0,2,1,1,2,0,0,9,0,0,9,14,20,4,0,0,12,24,0,0,4,0,0,0,0,5,2,0,6,10,22,0,1,0,6,25,0,5,0,0,0,0,0,7,0,2,2,15,29,0,1,1,19,14,0,2,0,1,0,1,0,6,1,2,4,22,20,1,2,0,5,26,0,1,0,1,1,1,0,3,0,3,2,3,16,2,0,0,6,16,0,5,4,1,2,0,0,6,1,1,5,5,20,1,2,0,5,17,0,1,0,1,1,0,0,5,1,1,1,8,6,1,0,0,3,21,0,8,0,0,1,0,0,5,0,0,0,11,11,1,0,0,9,12,0,2,1,0,0,0,0,3,0,1,3,10,20,1,1,0,9,17,0,1,2,0,0,0,0,2,0,1,3,6,10,3,1,0,6,9,0,2,1,1,0,1,0,5,0,0,9,10,29,3,0,0,2,26,0,6,4,3,1,0,0,6,0,1,7,7,19,0,0,0,0,16,0,2,1,1,1,0,0,0,0,1,2,3,3,0,0,0,0,10
Tuggeranong,OXLEY,0,2,1,1,0,0,0,2,0,0,4,1,2,1,1,0,5,8,0,3,0,0,0,0,0,1,0,0,1,6,10,2,0,0,2,1,0,2,0,0,0,0,0,2,0,0,0,8,6,1,0,0,8,5,0,1,0,8,0,0,0,0,0,0,3,0,13,0,1,0,5,6,0,1,0,0,1,0,0,1,0,0,0,8,1,1,1,0,2,7,0,1,1,0,0,0,0,5,0,0,2,3,5,3,0,0,7,5,0,0,1,0,0,0,0,1,0,1,2,3,7,4,0,0,7,9,0,7,0,0,0,0,0,3,0,0,0,5,6,2,0,0,5,5,0,1,0,0,2,0,0,3,0,0,0,6,10,0,0,0,4,12,0,0,0,0,2,0,0,1,0,0,2,5,9,3,0,0,2,8,0,2,2,1,1,0,0,1,0,0,1,7,11,0,1,0,10,15,0,3,0,0,1,0,0,2,0,0,0,9,10,0,0,0,0,3,0,2,1,0,0,0,0,2,0,0,4,2,5,2,2,0,5,3,0,2,1,1,0,0,0,2,0,0,2,4,15,2,1,0,6,0,0,0,0,0,0,0,0,0,0,0,1,1,9,4,0,0,6,4,0,0,1,0,0,0,0,2,0,0,0,6,8,1,0,0,9,15,0,1,0,0,1,0,0,3,0,0,0,5,3,1,0,0,0,5,0,1,0,2,0,0,1,1,0,0,0,3,18,0,0,0,0,3
Tuggeranong,RICHARDSON,0,4,0,0,0,0,0,6,0,1,3,13,21,3,0,1,18,15,0,0,1,0,0,1,0,3,1,1,1,11,26,2,1,0,8,10,0,2,1,1,1,1,1,4,0,0,3,14,38,0,1,1,19,8,0,8,2,0,1,1,0,5,0,0,3,9,17,0,0,0,6,15,0,1,1,0,0,0,0,4,0,0,1,10,20,0,1,0,7,11,0,2,0,0,0,0,0,3,0,0,4,17,23,1,0,0,9,18,0,2,3,0,3,0,0,5,0,0,5,8,34,1,0,1,9,15,0,1,1,1,0,0,0,3,1,0,4,4,36,0,0,0,9,7,0,3,3,0,2,0,0,1,0,0,1,2,14,2,0,0,6,1,0,2,0,0,0,0,0,3,0,0,6,5,22,2,0,0,4,9,0,7,5,0,0,0,0,1,0,1,7,6,43,0,0,0,6,2,0,5,4,0,1,0,0,2,0,0,0,9,14,0,0,1,7,1,0,9,9,0,2,0,0,3,0,0,2,15,32,3,1,1,11,17,0,9,6,0,17,0,0,1,0,0,2,20,32,3,0,0,3,5,0,6,1,4,0,0,0,7,0,0,0,4,18,2,1,0,7,15,0,5,3,0,0,0,0,4,0,0,2,7,17,3,0,1,5,13,0,2,2,1,0,0,0,1,0,0,0,2,16,0,0,0,0,7,0,1,1,0,0,0,0,0,0,0,1,2,40,0,0,0,0,5
Tuggeranong,THEODORE,0,1,0,0,0,0,0,5,0,1,1,12,9,0,0,0,2,19,0,4,0,0,0,0,0,1,0,0,0,12,14,3,0,0,5,14,0,3,1,0,0,0,0,5,0,0,2,9,8,10,0,0,9,17,0,4,2,1,0,0,0,2,0,0,1,13,14,2,1,0,6,11,0,2,2,1,2,0,0,3,0,0,2,8,8,0,0,0,2,12,0,1,1,0,1,0,0,7,1,1,2,10,10,3,0,0,2,11,0,6,7,0,1,0,0,4,0,0,2,3,23,1,0,0,8,11,0,6,2,0,2,0,0,1,0,1,4,12,15,1,0,0,3,16,0,2,0,1,0,0,0,1,0,0,4,9,2,2,1,0,1,9,0,5,2,1,0,0,0,2,0,0,3,15,13,0,0,0,1,16,0,6,4,0,0,0,0,4,0,0,0,11,10,8,1,0,2,13,0,4,1,0,1,0,0,4,0,0,2,8,7,2,1,0,4,16,0,8,1,4,4,0,0,1,0,0,6,5,8,0,0,0,2,6,0,0,2,0,0,0,0,2,0,0,2,5,17,5,0,0,4,12,0,6,3,0,0,0,0,0,0,0,1,10,12,6,0,0,5,6,0,0,1,1,0,0,0,9,0,0,1,13,11,1,0,0,2,12,0,1,1,1,1,0,0,2,0,0,3,3,5,0,1,0,0,7,0,7,1,0,0,0,0,5,1,0,2,5,14,0,0,0,0,10
Tuggeranong,WANNIASSA,0,4,16,0,2,2,4,9,5,4,5,33,70,1,0,3,51,67,0,7,8,0,1,1,0,8,2,2,1,24,64,8,1,0,37,82,0,2,5,3,1,0,0,5,6,2,0,22,70,27,2,0,49,74,0,5,11,5,0,0,0,6,2,2,6,20,60,4,0,2,48,111,1,1,7,1,0,0,0,2,1,1,3,24,58,4,5,0,32,64,0,4,10,0,0,1,1,10,4,6,5,36,47,3,0,1,32,83,0,4,9,0,1,1,0,5,7,3,6,33,65,2,2,2,30,71,0,5,7,0,0,0,1,11,6,3,6,35,56,5,0,0,41,73,0,9,12,0,1,0,0,5,6,1,2,32,75,2,4,0,28,74,0,6,8,3,0,4,0,8,2,3,9,24,57,8,2,1,36,90,0,14,12,1,5,0,1,3,0,3,11,18,59,5,3,0,21,80,0,9,8,2,12,0,0,8,1,1,8,28,72,4,2,0,25,55,0,6,9,2,0,2,0,12,2,3,11,37,93,1,0,1,30,70,0,9,20,1,0,0,0,13,6,8,9,30,83,4,1,1,33,69,0,9,3,1,1,2,4,5,2,2,16,24,87,7,2,1,33,61,0,13,9,3,3,0,0,11,3,1,6,7,42,0,1,0,11,71,0,6,4,1,1,6,1,3,3,2,6,21,67,0,0,0,3,75,0,8,4,2,0,2,1,8,2,1,10,21,40,0,0,0,0,107
Weston Creek,CHAPMAN,0,0,0,0,0,0,0,1,0,0,1,2,8,2,1,0,1,4,0,0,0,0,0,0,0,2,1,0,0,2,2,1,1,1,6,2,0,0,1,0,0,0,0,1,1,1,0,7,1,3,0,0,4,6,0,3,0,4,0,0,0,2,0,2,1,6,0,1,0,0,3,19,0,0,0,0,0,0,0,4,1,0,2,4,4,2,0,0,2,19,0,0,0,0,0,0,0,2,1,0,1,2,10,1,1,0,4,13,0,1,0,0,0,0,0,3,0,2,1,5,5,1,0,0,1,9,0,0,1,0,0,0,0,1,0,0,1,3,4,0,0,0,3,12,0,1,0,0,0,0,0,0,0,5,0,1,157,0,0,0,0,9,0,0,0,2,0,0,0,1,0,1,0,2,1,0,0,0,0,7,0,1,0,0,0,0,0,4,0,0,2,5,3,0,0,0,4,7,0,1,0,0,2,0,0,1,1,0,0,1,4,0,0,0,5,6,0,0,0,0,0,1,1,1,1,0,0,7,5,0,0,0,0,7,0,0,0,1,1,0,0,0,1,0,0,11,2,0,0,0,1,4,0,1,2,0,0,0,0,0,0,0,3,7,8,1,0,0,4,5,0,0,3,0,0,0,0,3,0,0,4,2,20,0,0,1,0,7,0,0,0,0,0,0,0,3,0,1,3,3,3,0,0,0,1,5,0,0,0,0,0,0,0,4,0,0,1,1,4,0,0,0,0,8
Weston Creek,DUFFY,0,3,0,0,0,0,0,0,0,0,3,8,15,0,0,0,5,9,0,3,1,0,0,0,0,3,0,0,0,5,6,1,0,0,0,7,0,1,1,0,0,0,0,2,0,3,1,2,7,1,0,0,0,7,0,3,0,1,0,0,0,2,1,0,1,7,29,0,1,0,0,9,0,4,2,0,0,0,0,3,0,0,2,14,15,0,0,1,5,22,0,6,3,1,0,0,0,3,0,0,2,8,8,0,0,1,4,14,0,1,3,0,0,0,0,4,1,1,1,10,26,0,1,0,7,24,0,2,0,1,0,0,0,5,0,2,4,12,17,0,0,0,5,25,0,1,1,0,0,0,0,1,0,0,0,4,4,0,0,0,1,12,0,2,2,0,0,0,0,1,1,0,1,5,8,0,0,1,8,9,0,3,2,0,0,0,0,0,0,0,0,6,3,0,0,0,5,7,0,2,2,0,0,0,1,3,1,0,1,4,7,0,0,0,1,6,0,2,0,0,0,0,0,0,0,0,1,7,8,0,0,0,1,9,0,6,0,0,1,0,0,2,0,0,0,5,7,0,1,0,5,8,0,2,0,0,0,1,0,1,0,0,3,11,3,0,0,0,4,4,0,2,2,0,0,0,0,3,0,0,2,6,0,0,0,0,3,10,0,3,1,0,0,0,0,3,1,0,1,8,15,0,0,0,0,15,0,1,0,0,0,0,0,5,0,1,2,3,7,0,0,0,0,10
Weston Creek,FISHER,0,0,0,0,0,0,0,1,0,0,1,2,8,0,0,0,9,2,0,2,0,1,1,0,0,0,1,0,2,4,9,5,0,0,8,4,0,1,0,2,1,0,0,3,1,0,2,1,16,3,1,0,5,11,0,0,0,0,0,0,0,1,0,0,0,4,2,2,1,0,5,8,0,3,1,1,0,0,0,4,0,0,1,8,13,2,0,0,3,10,0,0,2,0,0,0,0,4,0,0,0,3,14,0,1,0,8,4,0,0,0,0,0,0,0,1,1,0,4,2,13,0,0,0,7,7,0,5,1,1,0,0,0,1,0,0,1,2,12,0,0,0,7,8,0,2,0,0,0,0,0,0,0,0,0,2,7,8,0,0,4,6,0,0,0,1,1,0,0,7,0,0,0,9,4,1,0,0,2,13,0,5,1,2,1,1,0,1,0,0,4,9,11,4,1,0,4,10,0,2,2,2,0,0,0,2,0,0,0,2,8,1,0,0,9,6,0,4,0,0,0,0,0,1,0,0,1,0,10,2,2,0,4,5,0,5,0,0,0,0,0,5,0,0,0,3,9,2,0,0,4,9,0,5,0,0,1,0,0,3,0,0,1,5,13,0,0,0,3,7,0,1,4,1,1,0,0,2,0,0,5,4,14,0,0,0,1,9,0,2,0,1,0,0,1,5,2,0,1,4,13,0,0,0,0,14,0,0,0,0,0,0,0,1,0,0,1,4,8,0,0,0,0,4
Weston Creek,HOLDER,0,2,1,2,0,0,0,2,0,0,0,1,3,27,1,1,5,5,0,0,0,0,0,0,0,7,0,0,0,5,3,0,0,0,1,5,0,1,0,0,0,0,0,1,0,0,0,11,4,1,1,0,4,12,0,0,2,0,0,0,1,1,0,0,3,8,5,0,0,0,1,12,0,1,0,0,0,0,0,3,0,1,1,3,5,0,0,0,3,13,0,1,0,2,0,0,0,2,0,1,1,7,2,1,1,0,3,10,0,2,2,0,0,0,0,5,0,2,0,10,4,1,0,0,5,17,0,4,0,1,0,0,0,8,0,8,1,9,4,0,2,0,6,26,0,0,0,0,0,0,0,0,1,2,0,4,5,0,0,0,1,12,0,1,2,3,0,0,0,5,0,3,1,17,5,0,0,0,2,29,0,2,0,0,0,0,0,1,0,0,2,4,5,0,0,0,7,4,0,1,0,1,1,1,0,1,0,0,1,7,10,0,0,0,1,3,0,2,0,0,0,0,0,1,0,1,2,2,16,0,0,0,3,4,0,0,0,0,0,0,0,0,0,0,4,0,3,0,0,0,2,9,0,0,0,0,2,0,0,3,0,0,3,5,4,0,0,0,1,7,0,0,0,0,0,0,0,1,0,2,3,2,7,0,0,0,3,7,0,1,1,0,0,0,0,1,0,1,3,2,6,0,0,0,0,9,0,0,0,1,0,0,0,3,0,0,2,2,2,0,0,0,0,11
Weston Creek,RIVETT,0,0,1,4,0,0,0,2,0,0,2,6,11,0,0,0,2,4,0,1,1,0,1,2,0,2,0,0,1,0,12,1,0,0,6,10,0,0,2,0,1,3,0,3,0,0,1,7,6,4,0,0,2,11,0,0,1,1,0,1,0,2,0,1,2,22,8,3,0,0,4,13,0,2,2,0,0,0,0,8,0,0,2,14,9,0,0,0,1,20,0,2,4,1,0,0,0,6,0,0,4,4,11,0,1,0,3,9,0,1,0,0,0,0,0,5,0,0,1,8,8,2,0,0,2,12,0,5,2,0,1,0,0,5,0,0,4,10,18,0,0,0,3,48,0,10,0,1,0,0,0,3,0,1,0,8,10,0,0,0,0,6,0,2,2,1,0,0,0,1,0,1,1,9,1,1,0,0,1,15,0,0,1,1,1,1,0,1,0,0,2,7,17,0,0,0,0,13,0,2,1,0,0,0,0,7,0,1,0,15,13,1,0,1,0,16,0,2,0,1,1,0,0,1,0,0,2,6,22,1,0,0,0,15,0,4,3,0,0,0,0,2,2,0,0,5,8,0,0,0,4,11,0,2,2,2,0,0,0,3,1,0,3,8,20,0,0,1,3,12,1,2,1,1,0,1,0,1,0,0,2,3,13,0,0,0,0,11,0,2,1,0,0,0,0,3,0,0,2,5,1,0,0,0,0,13,0,4,0,0,2,1,0,3,0,0,3,5,11,0,0,0,0,5
Weston Creek,STIRLING,0,0,0,0,0,0,0,2,0,0,1,1,2,0,1,0,10,5,0,0,1,0,0,0,0,3,0,0,2,7,5,1,2,0,10,3,0,1,1,0,0,0,0,2,0,2,0,3,5,5,0,0,12,4,0,4,1,0,0,0,0,0,0,0,1,6,7,2,0,0,6,8,0,0,2,0,0,0,0,6,0,0,2,5,6,1,0,0,4,10,0,0,0,0,0,0,0,2,0,1,4,3,3,1,0,0,2,14,0,23,1,22,0,0,0,2,0,0,1,0,11,3,0,0,9,10,0,0,2,0,0,0,0,2,0,0,2,4,1,1,1,0,1,7,0,2,1,1,0,0,0,2,0,0,0,6,5,1,3,0,3,9,0,1,1,0,0,0,0,8,0,0,0,7,7,0,0,0,1,15,0,2,0,0,0,0,0,0,0,0,0,2,6,2,0,0,3,5,0,1,2,4,0,0,0,9,0,0,0,2,3,0,0,0,2,11,0,1,1,1,0,0,0,2,0,0,0,5,9,1,1,0,4,3,0,0,1,0,0,0,0,1,0,0,0,6,7,0,1,0,5,3,0,0,0,0,0,0,1,10,0,0,0,3,8,0,0,0,5,14,0,10,1,0,0,0,0,10,0,1,0,0,7,0,0,0,6,8,0,3,2,0,0,0,0,2,0,0,1,5,8,0,0,0,0,7,0,0,2,0,0,0,0,0,0,0,1,2,7,0,0,0,0,8
Weston Creek,STROMLO,0,0,0,0,0,0,0,0,0,1,0,4,4,2,0,0,5,2,0,0,2,0,0,0,0,0,0,1,2,5,5,5,1,1,8,1,0,0,0,0,0,0,0,0,0,0,0,1,4,7,3,0,3,3,0,0,1,0,0,0,0,0,0,0,1,1,3,0,1,0,7,1,0,0,0,0,0,0,0,0,0,0,0,2,5,2,0,0,8,2,0,0,0,1,0,0,0,1,0,0,0,4,3,8,0,0,3,2,0,0,1,0,0,0,0,0,0,1,1,3,5,1,3,0,18,5,0,0,0,0,0,0,0,0,0,1,0,7,7,3,1,0,5,5,0,0,0,0,0,0,0,0,0,0,0,5,9,2,0,0,11,1,0,0,0,0,0,0,0,0,0,0,1,6,6,2,1,0,16,6,0,0,0,0,0,0,0,0,0,0,1,5,7,2,0,0,14,3,0,0,0,0,0,0,0,0,0,0,0,2,3,3,0,0,21,4,0,0,0,0,0,0,0,0,0,1,1,9,10,1,0,0,16,8,0,0,1,0,1,0,0,0,0,0,1,7,13,3,0,0,6,5,0,0,0,0,0,0,0,0,0,0,1,2,10,10,0,0,18,3,0,0,0,0,0,0,0,0,0,0,0,0,8,19,0,0,11,0,0,0,0,0,0,0,0,0,0,1,1,2,17,0,0,0,4,1,0,0,0,0,0,0,0,0,0,0,0,0,9,0,0,0,0,0
Weston Creek,WARAMANGA,0,1,3,1,0,0,0,3,0,0,1,2,13,1,1,0,13,5,0,1,0,0,0,0,1,1,0,0,1,6,8,0,1,0,12,9,0,2,1,0,0,5,1,1,0,2,2,5,9,4,2,0,13,15,0,0,1,0,0,0,0,2,0,2,1,8,3,0,0,1,13,17,0,0,1,2,0,0,0,5,0,0,0,11,12,0,0,0,16,13,0,3,4,0,0,0,0,4,0,0,0,13,19,1,0,0,9,23,0,2,0,0,0,0,0,0,1,0,1,5,6,3,2,0,8,9,0,1,0,1,0,0,0,3,0,0,3,14,3,0,0,0,10,16,0,0,1,1,0,0,0,4,0,0,0,8,4,0,0,0,2,18,0,1,0,1,0,1,0,5,1,0,4,17,15,3,1,0,2,20,0,2,0,0,0,0,0,2,0,0,0,5,7,1,2,0,13,8,0,1,2,2,0,1,0,2,1,0,1,4,10,0,0,0,4,8,0,0,0,2,0,0,0,1,0,1,1,8,3,2,0,0,7,10,0,2,3,0,0,0,1,1,0,0,1,5,9,0,0,0,5,6,0,1,4,2,0,0,1,10,0,0,2,6,22,0,0,0,5,12,0,2,0,1,0,0,0,16,0,1,2,12,10,0,2,0,4,16,0,0,1,0,0,1,0,2,0,1,0,5,15,0,0,0,0,10,0,0,1,0,0,0,0,1,0,1,0,6,3,0,0,0,0,3
Weston Creek,WESTON,0,0,5,4,0,2,0,5,0,2,1,20,41,13,6,3,28,23,0,0,2,0,0,0,0,3,0,2,1,16,32,6,2,1,25,26,0,1,3,0,1,0,0,5,0,1,2,9,45,18,6,2,34,22,0,0,11,0,0,2,0,1,0,11,0,13,33,3,2,0,27,18,0,0,5,0,0,2,0,6,2,4,2,9,24,6,5,1,15,32,0,1,1,1,0,0,0,1,0,3,2,17,42,1,5,1,24,42,0,1,6,1,0,0,0,0,1,1,4,9,32,5,7,1,14,40,0,3,10,4,1,0,0,1,0,7,5,10,27,3,3,1,39,35,0,1,5,0,1,0,0,6,3,4,3,20,36,1,3,0,9,52,0,3,4,1,0,0,0,3,0,4,4,9,29,6,4,1,20,51,0,0,6,2,0,1,0,3,0,2,6,10,41,4,6,0,13,30,0,2,3,0,0,0,0,6,2,3,6,5,42,2,1,2,25,24,0,0,5,0,0,0,1,1,3,2,3,18,25,2,3,1,12,31,0,5,1,3,0,1,0,5,0,2,5,8,35,4,2,0,16,31,0,1,2,1,0,0,0,8,0,4,3,9,36,3,2,0,31,29,0,3,3,0,0,1,1,11,1,1,6,11,51,2,2,1,17,43,0,2,4,0,0,1,2,6,1,0,6,7,37,1,0,0,0,28,0,1,6,0,0,1,0,3,4,1,4,16,31,0,0,0,0,24
Wooden Valley,CHIFLEY,0,1,1,0,0,0,0,0,0,0,2,2,12,1,0,1,6,0,0,3,4,0,0,0,0,4,0,0,0,10,14,9,1,0,10,9,0,1,0,0,0,0,1,0,0,0,1,4,9,6,3,1,10,5,0,0,1,0,0,0,1,1,2,0,0,9,3,1,4,0,7,11,0,2,0,1,0,0,0,4,0,0,1,8,7,0,3,0,7,9,0,1,0,1,0,0,0,6,0,0,2,4,13,2,1,0,10,16,0,2,0,0,0,0,0,2,0,1,0,12,12,1,5,0,10,10,0,2,0,0,0,0,0,5,1,0,1,4,9,0,1,1,12,13,0,3,2,0,0,0,0,5,0,2,0,4,7,0,0,0,0,15,0,3,1,1,0,0,0,0,0,0,1,8,31,1,3,0,9,11,0,8,0,2,1,0,0,0,1,0,1,17,8,1,2,1,5,8,0,7,0,0,1,0,0,0,0,0,0,3,13,2,0,0,8,6,0,1,2,0,0,0,0,1,0,1,2,5,20,10,2,0,7,5,0,3,0,0,0,0,0,2,1,3,0,3,3,3,0,0,3,10,0,0,1,1,0,0,0,1,1,1,3,7,12,1,0,0,8,11,0,4,0,1,0,0,0,4,1,0,4,10,8,0,1,0,0,24,0,2,1,0,0,0,0,2,0,1,0,10,14,0,0,0,1,16,0,4,0,0,0,0,0,6,0,1,4,8,28,0,0,0,0,12
Wooden Valley,CURTIN,0,0,2,3,0,2,0,6,2,0,3,13,15,15,5,2,39,29,0,4,4,1,0,0,0,9,0,1,1,9,29,15,4,0,44,45,0,0,1,0,0,0,0,7,0,0,2,5,18,39,2,0,42,28,0,0,0,0,0,0,0,4,2,0,2,11,24,21,4,0,25,34,0,0,1,0,0,0,0,1,1,0,1,5,19,3,3,0,19,15,0,0,2,1,0,0,0,4,1,1,2,9,13,5,2,0,9,24,0,1,1,0,0,0,0,3,1,1,0,9,15,18,2,0,24,22,0,2,4,1,0,1,0,5,2,1,1,10,14,13,1,0,8,42,0,1,2,0,0,0,0,2,1,1,0,11,3,15,1,0,12,16,0,4,5,1,1,0,0,4,0,4,5,13,17,19,2,0,19,26,0,3,5,0,0,0,0,1,0,0,2,11,18,40,1,0,33,24,0,1,3,1,0,1,0,1,2,2,2,5,11,14,1,0,16,15,0,2,1,0,2,1,0,1,2,0,4,10,25,45,4,0,13,16,0,3,1,1,0,0,0,2,1,0,5,7,22,30,4,1,36,13,0,2,2,0,0,0,0,12,1,2,7,14,23,23,3,2,22,28,0,2,3,1,0,0,0,6,3,0,3,9,29,42,0,4,16,48,0,3,3,0,0,0,0,3,0,0,3,14,10,15,1,0,5,30,0,5,0,2,0,1,0,4,2,1,1,11,14,0,0,0,0,34
Wooden Valley,FARRER,0,0,0,1,0,0,0,2,0,0,0,7,6,1,0,0,5,3,0,3,3,8,1,0,0,3,0,1,0,16,11,1,1,0,2,5,0,0,0,0,0,0,0,3,0,1,1,4,9,8,1,0,7,9,0,1,0,0,0,0,1,1,0,1,0,4,7,3,1,0,11,8,0,1,0,0,0,0,0,2,0,0,2,2,5,2,1,0,0,5,0,1,0,0,0,0,0,5,0,0,0,7,7,2,0,0,2,8,0,0,1,0,0,0,0,2,2,0,0,2,4,3,0,0,14,3,0,2,0,0,0,0,0,1,0,0,0,6,26,0,0,0,1,4,0,1,1,0,0,0,0,1,0,6,0,8,6,0,0,0,2,16,0,2,0,0,0,0,0,0,1,1,1,1,3,0,0,0,1,7,0,1,1,0,0,0,0,1,0,4,1,7,7,4,0,0,0,7,0,2,0,0,0,0,0,4,2,0,3,3,3,0,0,0,3,9,0,1,2,0,0,0,0,1,0,0,0,1,4,0,0,0,4,4,0,0,1,0,0,0,0,4,0,0,2,7,4,2,1,0,4,12,0,1,1,0,0,0,0,1,2,0,1,4,14,2,0,0,3,11,0,0,1,0,1,0,0,2,0,2,1,2,17,2,1,0,0,7,0,1,0,2,0,0,0,0,1,2,1,7,15,0,0,0,2,12,0,0,1,0,0,0,0,3,0,1,3,3,9,0,0,0,0,5
Wooden Valley,GARRAN,0,2,6,0,0,0,0,1,2,1,0,14,22,0,2,0,10,64,0,1,5,1,0,0,0,2,1,0,1,11,25,0,0,0,17,17,0,4,3,0,1,0,0,7,1,0,1,9,18,0,0,0,11,15,0,1,7,4,0,7,0,3,0,0,1,13,15,1,4,0,14,18,0,2,12,2,0,1,0,1,0,0,3,16,25,0,0,0,7,21,0,2,11,0,2,1,0,7,0,1,3,11,15,1,2,0,18,18,0,1,2,0,0,0,0,5,0,0,0,9,10,0,4,0,6,25,0,7,7,2,0,0,0,11,2,1,0,11,5,0,0,0,4,18,0,4,6,1,1,0,0,3,1,0,0,8,7,0,2,1,6,13,0,3,8,1,0,0,0,4,0,1,5,8,15,0,4,0,1,22,0,3,9,2,0,1,0,1,0,2,4,14,16,1,1,0,5,25,0,0,5,0,0,0,0,4,0,0,0,4,26,0,2,1,4,16,0,2,10,4,4,0,0,2,1,2,6,21,19,1,1,0,8,25,0,1,10,0,0,0,0,2,0,3,2,22,15,1,2,0,19,15,0,0,13,2,0,1,0,0,2,0,5,8,16,2,1,0,4,16,0,4,13,3,1,0,0,2,0,1,1,6,13,0,1,0,3,14,0,3,19,3,0,0,0,3,0,0,3,26,25,0,1,0,4,24,0,1,11,6,0,0,0,5,0,1,4,5,15,0,0,0,0,17
Wooden Valley,HUGHES,0,2,0,0,0,0,0,3,0,1,1,2,4,3,0,1,10,11,0,1,2,0,0,0,0,1,0,0,0,5,4,0,3,0,5,8,0,1,2,1,0,1,0,4,2,0,1,2,9,4,3,1,14,8,0,0,0,1,0,0,0,2,0,0,2,2,2,1,0,0,6,12,0,0,1,0,0,0,0,1,0,0,0,1,6,0,0,0,7,14,0,1,0,0,0,1,0,3,0,0,1,6,7,0,1,0,4,11,0,0,1,0,0,0,0,0,0,0,0,3,6,0,1,0,12,9,0,1,0,1,0,0,0,1,0,1,0,2,4,1,0,0,4,11,0,1,0,0,0,0,0,1,0,1,2,2,1,0,0,0,1,8,0,0,0,4,0,0,0,2,1,0,2,4,9,0,1,0,3,9,0,2,0,0,0,0,0,3,0,0,2,4,7,3,2,0,3,16,0,0,3,1,0,0,0,1,1,2,1,6,8,4,2,1,1,9,0,1,0,0,0,0,0,3,0,0,2,8,10,2,0,2,2,9,0,1,1,0,0,0,0,8,0,0,3,7,7,1,0,0,8,13,0,0,1,0,0,0,0,1,2,2,1,5,3,1,0,0,6,10,0,1,1,0,0,0,0,2,1,0,2,2,0,0,0,0,3,9,1,0,0,0,0,0,0,2,0,1,2,2,9,0,1,0,0,13,0,2,0,1,0,0,0,4,1,0,1,4,7,0,0,0,0,8
Wooden Valley,ISAACS,0,1,1,0,0,0,0,4,1,1,1,4,7,0,1,0,4,7,0,0,0,0,0,0,0,1,0,0,1,1,15,3,0,0,4,3,0,2,0,0,0,0,0,2,0,0,0,4,7,5,1,0,0,5,0,0,0,0,0,0,0,0,0,0,0,7,4,1,1,0,2,3,0,0,2,0,0,0,0,2,1,0,1,2,2,0,0,0,3,6,0,0,0,0,0,0,0,0,1,0,2,13,5,1,0,0,1,12,0,0,0,0,0,0,0,0,0,0,1,0,7,2,0,1,6,7,0,2,0,0,0,0,0,2,0,0,1,2,3,0,1,1,0,4,0,1,0,1,0,0,0,1,0,0,0,0,3,0,0,0,2,2,0,2,0,3,1,0,0,1,1,2,0,6,3,2,2,0,1,7,0,2,1,0,0,0,0,0,0,0,2,5,4,0,1,0,1,8,0,4,0,0,0,0,0,2,1,0,0,0,3,0,1,0,2,5,0,0,0,0,0,0,0,2,1,1,0,2,10,0,0,0,1,6,0,1,0,0,0,0,0,1,0,1,1,2,9,2,1,0,0,6,0,0,0,0,0,0,0,6,0,0,2,2,10,3,1,0,2,13,0,2,0,0,0,0,0,4,1,0,3,2,10,0,0,0,1,5,0,0,0,0,0,0,0,0,0,0,0,2,16,0,1,0,0,3,0,0,0,0,1,0,0,2,0,0,2,3,1,0,0,0,0,17
Wooden Valley,LYONS,0,1,1,0,0,0,0,3,0,0,6,11,20,1,5,0,14,9,0,0,2,0,1,0,0,15,0,2,3,14,17,5,6,0,15,20,0,0,1,1,1,1,0,4,0,0,0,10,9,2,3,1,11,11,0,0,1,4,0,1,0,2,0,0,2,11,12,2,6,0,12,15,0,2,4,2,0,0,0,2,0,0,1,19,16,2,0,0,5,10,0,2,2,0,0,0,0,9,0,1,5,34,8,1,1,0,8,44,0,2,1,0,3,2,0,5,0,2,2,37,15,3,1,0,8,22,0,2,7,0,0,0,0,5,0,1,2,10,7,1,1,0,9,21,0,3,4,2,2,0,0,0,1,1,1,13,9,0,2,0,6,9,0,1,5,0,0,0,0,3,0,1,2,18,9,2,2,0,6,17,0,1,2,1,0,2,1,4,0,0,1,10,39,0,2,0,11,14,0,1,7,2,2,0,0,7,0,0,2,15,20,0,0,0,4,15,0,5,5,0,0,1,0,6,0,0,4,13,29,29,4,2,15,19,0,4,6,1,0,1,1,2,0,2,4,12,29,20,2,0,11,18,0,6,2,1,1,0,0,7,0,0,7,19,24,4,2,0,5,18,0,3,3,0,0,0,0,4,0,2,6,21,24,0,1,0,11,15,0,2,3,0,0,1,0,0,0,1,7,12,20,0,0,0,0,17,0,4,1,1,0,0,1,6,0,5,4,18,29,0,0,0,0,36
Wooden Valley,MAWSON,0,1,1,0,0,0,0,3,0,0,1,11,11,3,1,0,12,43,0,1,0,0,0,0,0,0,0,0,3,12,20,3,3,2,15,28,0,0,1,1,0,0,0,7,1,1,2,20,25,5,4,0,16,42,0,4,3,1,1,0,0,0,0,0,0,10,11,0,0,0,8,28,0,0,2,1,0,0,0,2,1,0,4,16,26,0,0,0,11,36,0,0,0,0,0,1,0,2,0,0,2,3,22,2,0,1,3,45,0,2,2,1,1,1,0,0,1,2,5,14,13,1,0,1,19,58,0,3,2,1,0,0,1,6,4,3,2,8,48,2,0,0,8,56,0,1,4,1,2,0,0,1,6,3,0,5,8,0,0,1,10,30,0,0,0,0,1,0,0,4,0,1,2,14,21,1,2,0,5,36,0,7,2,1,0,1,0,4,0,1,2,3,27,0,0,0,8,50,0,1,1,0,0,2,0,0,0,2,3,10,33,1,1,0,5,34,0,3,2,1,1,0,0,4,0,0,3,12,19,0,0,2,3,37,0,0,4,0,0,0,0,1,2,1,3,10,14,4,0,0,5,32,0,2,1,0,0,1,0,3,1,0,7,17,20,1,0,0,7,59,0,1,4,0,0,2,0,13,2,0,6,11,8,1,0,0,7,57,0,0,3,0,0,1,0,5,0,0,2,5,16,0,0,0,7,40,0,4,6,1,0,0,0,8,0,2,5,15,30,0,0,0,0,58
Wooden Valley,O'MALLEY,0,1,0,0,0,0,0,0,0,0,0,3,4,0,0,0,0,2,0,0,0,0,0,0,0,0,0,0,0,0,4,0,0,0,4,0,0,1,0,0,0,0,0,0,0,0,1,1,2,1,0,0,5,1,0,0,0,0,0,0,0,0,0,0,0,0,4,0,2,0,0,7,0,5,0,0,0,0,0,0,0,0,0,1,2,0,2,0,1,0,0,0,1,0,0,0,0,4,0,0,2,1,2,0,1,0,6,5,0,0,0,0,0,0,0,1,0,0,1,0,1,0,3,0,0,0,0,0,0,0,0,0,0,1,0,0,0,0,3,0,0,0,0,2,0,0,0,0,0,0,0,1,0,1,0,0,11,0,1,0,1,4,0,0,0,0,0,1,0,3,0,0,1,0,1,0,2,0,1,3,0,0,0,0,1,0,0,1,0,0,0,1,3,0,1,0,2,2,0,0,0,0,0,0,0,0,0,0,0,1,1,0,1,1,2,3,0,0,0,0,0,0,0,2,0,0,2,0,2,0,1,0,2,4,0,0,0,0,0,0,0,0,0,0,0,6,2,0,1,0,2,0,0,0,1,0,0,0,0,2,0,0,1,7,5,1,0,0,3,3,0,1,0,0,0,0,0,2,0,0,1,2,1,0,0,0,3,4,0,1,0,0,0,0,0,0,0,0,1,1,3,0,1,0,0,0,0,0,0,0,0,0,0,0,0,0,0,1,4,0,0,0,0,0
Wooden Valley,PEARCE,0,1,2,0,0,0,0,2,0,0,0,1,7,1,0,0,6,6,0,1,2,1,0,1,0,11,0,0,2,4,6,0,0,1,10,14,0,0,4,3,1,0,0,5,0,0,1,11,3,1,2,0,3,12,0,0,0,1,0,0,0,3,0,0,1,5,28,0,1,0,0,24,0,0,2,38,1,0,0,0,0,0,1,0,1,1,1,1,0,8,0,0,1,0,0,1,0,3,0,0,0,2,5,1,0,0,3,9,0,2,0,0,0,0,0,2,1,0,1,3,11,0,0,0,0,9,0,1,2,3,0,0,0,5,0,0,0,4,3,0,0,0,2,11,0,0,0,0,1,0,0,5,1,2,1,4,13,1,0,1,0,11,0,3,0,0,0,0,0,3,0,1,0,11,1,0,0,0,2,6,0,2,1,0,1,1,0,0,0,0,1,4,4,1,0,0,7,4,0,1,1,3,0,0,0,0,1,1,2,7,4,0,0,0,0,7,0,0,1,0,0,1,0,1,1,2,2,3,8,0,0,0,0,4,0,2,1,0,0,0,0,2,1,0,1,5,8,0,0,0,5,6,0,2,2,1,1,1,0,2,6,0,3,6,4,0,0,0,3,9,0,2,2,1,0,0,0,1,0,0,0,4,5,0,0,0,2,10,0,0,2,1,1,0,0,0,1,1,2,5,7,0,0,0,1,7,0,0,1,0,1,0,0,2,0,0,1,6,14,0,0,0,0,9
Wooden Valley,PHILLIP,1,2,9,4,1,1,1,2,2,0,4,31,75,1,8,5,30,115,0,0,7,6,1,1,1,3,2,8,5,28,74,15,5,0,42,94,0,0,20,0,1,0,1,4,3,1,3,42,156,10,9,5,74,97,0,1,14,2,2,0,0,2,1,4,2,35,188,1,4,3,51,116,0,3,10,0,0,1,1,3,0,2,7,39,56,0,5,4,56,117,0,0,13,2,1,0,0,2,4,7,7,53,74,3,10,0,46,129,0,3,13,3,3,0,2,3,6,1,11,37,89,2,14,1,56,113,0,4,10,2,3,0,1,5,11,7,6,67,81,1,2,2,32,141,0,7,9,2,0,0,1,2,4,5,7,32,70,0,5,0,25,88,0,2,11,1,2,0,0,6,5,9,19,44,59,1,8,0,29,105,0,5,11,6,1,0,1,4,3,5,11,31,85,2,6,2,43,127,0,6,16,9,2,0,1,2,2,2,5,37,120,3,3,0,25,119,0,2,9,6,2,0,3,3,0,6,15,38,88,4,7,3,37,111,0,2,10,7,3,0,2,2,8,1,2,40,102,3,3,1,38,111,0,8,11,4,2,4,3,3,6,1,26,48,107,3,6,0,43,126,0,9,18,3,2,1,1,3,2,5,15,46,95,1,6,1,70,114,0,6,15,3,1,3,4,0,3,8,6,18,107,0,0,0,12,128,0,2,5,2,0,0,5,5,5,4,17,35,80,0,0,0,0,136
Wooden Valley,TORRENS,0,0,1,0,0,1,0,3,0,0,0,4,3,0,0,0,1,5,0,1,1,1,0,0,0,0,0,0,3,6,2,1,0,0,0,7,0,0,0,0,0,0,0,0,0,0,0,7,4,0,1,0,7,9,0,1,0,0,0,0,0,1,1,0,0,6,9,0,0,0,5,10,0,0,0,0,0,0,0,1,0,0,1,4,5,2,0,0,7,2,0,5,0,0,0,0,0,6,0,0,0,5,2,0,0,0,3,5,0,0,1,0,0,1,0,1,0,0,3,3,3,0,0,0,2,8,0,2,0,0,0,0,0,2,1,0,0,2,4,0,1,0,0,9,0,0,0,0,0,0,0,5,1,0,0,1,7,0,0,0,0,6,0,0,0,0,0,0,0,1,1,1,0,2,4,0,1,0,1,5,0,1,0,0,0,0,0,2,1,0,2,4,5,1,0,0,1,9,0,0,1,0,0,0,0,0,0,1,0,3,8,0,0,0,0,2,0,0,1,3,0,0,0,2,0,0,1,1,5,0,1,0,0,3,0,0,1,1,0,0,0,1,0,0,0,2,8,0,0,0,9,2,0,1,0,2,0,0,0,0,0,0,1,2,10,0,0,0,1,6,0,1,0,0,0,0,0,2,0,1,1,8,3,0,0,0,0,3,0,0,0,0,0,0,0,1,1,0,1,2,2,1,0,0,0,4,0,2,0,0,2,0,0,2,0,0,0,1,5,0,0,0,0,2
